[
  {
    "pk": "1",
    "model": "tenant.TenantMaster",
    "fields": {
      "name": "Gemspring Capital",
      "email_id": "gemspring@gmail.com",
      "mobile_no": 18002662696,
      "tenant_country_id": 3,
      "tenant_state_id": 1,
      "is_active": "True"
    }
  },
  {
      "pk": "1",
      "model": "commonapp.Region",
      "fields": {
          "key":"NORTHAMERICA",
        "name": "North America",
        "is_active": "True"
      }
    },
  {
      "pk": "1",
      "model": "commonapp.Module",
      "fields": {
        "key" : "CX",
        "name": "CX",
        "short_desc":"Customer Experience",
        "long_desc":"Get rid of time-consuming manual processes, reduce customer complaints and enjoy serving your customers",
        "is_active": "True"
      }
    },
    {
      "pk": "2",
      "model": "commonapp.Module",
      "fields": {
          "key" : "MX",
        "name": "MX",
        "short_desc":"Meter Data",
        "long_desc":"Build efficient meter data management program, integration of smart meters. Reduce leakages",
        "is_active": "True"
      }
    },
    {
      "pk": "3",
      "model": "commonapp.Module",
      "fields": {
          "key" : "BX",
        "name": "BX",
        "short_desc":"Billing & Collections",
        "long_desc":"Manage complex billing process, rate changes, error handling, & integration with finance with ease",
        "is_active": "True"
      }
    },
    {
      "pk": "4",
      "model": "commonapp.Module",
      "fields": {
          "key" : "WX",
        "name": "WX",
        "short_desc":"Work-force Automation",
        "long_desc":"Integrated workforce & Work order management powered by maps and mobile",
        "is_active": "True"
      }
    },
    {
      "pk": "5",
      "model": "commonapp.Module",
      "fields": {
          "key" : "AX",
        "name": "AX",
        "short_desc":"Asset & Network",
        "long_desc":"SOP automation & Intelligent maintenance helps you to mange assets & network efficiently",
        "is_active": "True"
      }
    },
    {
      "pk": "6",
      "model": "commonapp.Module",
      "fields": {
          "key" : "SX",
        "name": "SX",
        "short_desc":"Purchase & Inventory",
        "long_desc":"Standardize Purchase, Contracts & Spend workflows. Integrated inventory helps you to manage your materials with ease",
        "is_active": "True"
      }
    },
    {
      "pk": "7",
      "model": "commonapp.Module",
      "fields": {
        "key" : "USER",
        "name": "USER",
        "short_desc":"Roles & Privilege",
        "is_active": "True"
      }
    },
    {
      "pk": "8",
      "model": "commonapp.Module",
      "fields": {
        "key" : "ADMIN",
        "name": "ADMIN",
        "short_desc":"Configuration",
        "is_active": "True"
      }
    },
    {
      "pk": "9",
      "model": "commonapp.Module",
      "fields": {
          "key" : "REPORT",
        "name": "REPORT",
        "short_desc":"AI & Analytics",
        "is_active": "True"
      }
    },
    {
      "pk": "10",
      "model": "commonapp.Module",
      "fields": {
          "key" : "DEMOM",
        "name": "DemoM",
        "is_active": "True"
      }
    },
    
    {
      "pk": "1",
      "model": "commonapp.SubModule",
      "fields": {
        "module_id": 1,
        "key" : "DASHBOARD",
        "name": "Dashboard",
        "is_active": "True"
      }
    },
    {
      "pk": "2",
      "model": "commonapp.SubModule",
      "fields": {
        "module_id": 1,
        "key" : "CARE",
        "name": "Care",
        "is_active": "True"
      }
    },
    {
      "pk": "3",
      "model": "commonapp.SubModule",
      "fields": {
        "module_id": 1,
        "key" : "CX_SERVICE",
        "name": "Consumer Service",
        "is_active": "True"
      }
    },
    {
      "pk": "4",
      "model": "commonapp.SubModule",
      "fields": {
        "module_id": 2,
        "key" : "DASHBOARD",
        "name": "Dashboard",
        "is_active": "True"
      }
    },
    {
      "pk": "5",
      "model": "commonapp.SubModule",
      "fields": {
        "module_id": 2,
        "key" : "SCHEDULE",
        "name": "Schedule",
        "is_active": "True"
      }
    },
    {
      "pk": "6",
      "model": "commonapp.SubModule",
      "fields": {
        "module_id": 2,
        "key" : "DISPATCH",
        "name": "Dispatch",
        "is_active": "True"
      }
    },
    {
      "pk": "7",
      "model": "commonapp.SubModule",
      "fields": {
        "module_id": 2,
        "key" : "VALIDATION",
        "name": "Validation",
        "is_active": "True"
      }
    },
    {
      "pk": "8",
      "model": "commonapp.SubModule",
      "fields": {
        "module_id": 2,
        "key" : "UPLOAD",
        "name": "Upload",
        "is_active": "True"
      }
    },
    {
      "pk": "9",
      "model": "commonapp.SubModule",
      "fields": {
        "module_id": 2,
        "key" : "METER_MASTER",
        "name": "Meter Master",
        "is_active": "True"
      }
    },
    {
      "pk": "10",
      "model": "commonapp.SubModule",
      "fields": {
        "module_id": 3,
        "key" : "DASHBOARD",
        "name": "Dashboard",
        "is_active": "True"
      }
    },
    {
      "pk": "11",
      "model": "commonapp.SubModule",
      "fields": {
        "module_id": 3,
        "key" : "BILLING_SCHEDULE",
        "name": "Schedule",
        "is_active": "True"
      }
    },
    {
      "pk": "12",
      "model": "commonapp.SubModule",
      "fields": {
        "module_id": 3,
        "key" : "BILLING",
        "name": "Billing",
        "is_active": "True"
      }
    },
    {
      "pk": "13",
      "model": "commonapp.SubModule",
      "fields": {
        "module_id": 3,
        "key" : "PAYMENT",
        "name": "Payment",
        "is_active": "True"
      }
    },
    {
      "pk": "14",
      "model": "commonapp.SubModule",
      "fields": {
        "module_id": 4,
        "key" : "DASHBOARD",
        "name": "Dashboard",
        "is_active": "True"
      }
    },
    {
      "pk": "15",
      "model": "commonapp.SubModule",
      "fields": {
        "module_id": 4,
        "key" : "DISPATCHER",
        "name": "Dispatcher",
        "is_active": "True"
      }
    },
    {
      "pk": "16",
      "model": "commonapp.SubModule",
      "fields": {
        "module_id": 5,
        "key" : "DASHBOARD",
        "name": "Dashboard",
        "is_active": "True"
      }
    },
    {
      "pk": "17",
      "model": "commonapp.SubModule",
      "fields": {
        "module_id": 5,
        "key" : "AX_ASSET",
        "name": "Asset",
        "is_active": "True"
      }
    },
    {
      "pk": "18",
      "model": "commonapp.SubModule",
      "fields": {
        "module_id": 5,
        "key" : "CONTRACT",
        "name": "Contract",
        "is_active": "True"
      }
    },
    {
      "pk": "19",
      "model": "commonapp.SubModule",
      "fields": {
        "module_id": 5,
        "key" : "SUPPLIER",
        "name": "Supplier",
        "is_active": "True"
      }
    },
    {
      "pk": "20",
      "model": "commonapp.SubModule",
      "fields": {
        "module_id": 6,
        "key" : "DASHBOARD",
        "name": "Dashboard",
        "is_active": "True"
      }
    },
    {
      "pk": "21",
      "model": "commonapp.SubModule",
      "fields": {
        "module_id": 6,
        "key" : "REQUEST",
        "name": "Request",
        "is_active": "True"
      }
    },
    {
      "pk": "22",
      "model": "commonapp.SubModule",
      "fields": {
        "module_id": 6,
        "key" : "STORE",
        "name": "Store",
        "is_active": "True"
      }
    },
    {
      "pk": "23",
      "model": "commonapp.SubModule",
      "fields": {
        "module_id": 6,
        "key" : "TENDER",
        "name": "Tender",
        "is_active": "True"
      }
    },

    {
      "pk": "24",
      "model": "commonapp.SubModule",
      "fields": {
        "module_id": 6,
        "key" : "PRODUCT",
        "name": "Product",
        "is_active": "True"
      }
    },
    {
      "pk": "25",
      "model": "commonapp.SubModule",
      "fields": {
        "module_id": 6,
        "key" : "SX_SERVICE",
        "name": "Vendor Service",
        "is_active": "True"
      }
    },
    {
      "pk": "26",
      "model": "commonapp.SubModule",
      "fields": {
        "module_id": 6,
        "key" : "ORDER",
        "name": "Order",
        "is_active": "True"
      }
    },
    {
      "pk": "27",
      "model": "commonapp.SubModule",
      "fields": {
        "module_id": 6,
        "key" : "CONTRACT",
        "name": "Contract",
        "is_active": "True"
      }
    },
    {
      "pk": "28",
      "model": "commonapp.SubModule",
      "fields": {
        "module_id": 6,
        "key" : "SUPPLIER",
        "name": "Supplier",
        "is_active": "True"
      }
    },

    {
      "pk": "29",
      "model": "commonapp.SubModule",
      "fields": {
        "module_id": 7,
        "key" : "DASHBOARD",
        "name": "Dashboard",
        "is_active": "True"
      }
    },
    {
      "pk": "30",
      "model": "commonapp.SubModule",
      "fields": {
        "module_id": 7,
        "key" : "ROLE",
        "name": "Role",
        "is_active": "True"
      }
    },
    {
      "pk": "31",
      "model": "commonapp.SubModule",
      "fields": {
        "module_id": 7,
        "key" : "USER",
        "name": "User",
        "is_active": "True"
      }
    },  

    {
      "pk": "32",
      "model": "commonapp.SubModule",
      "fields": {
        "module_id": 8,
        "key" : "UTILITY_MASTER",
        "name": "Utility Master",
        "is_active": "True"
      }
    },
    {
      "pk": "33",
      "model": "commonapp.SubModule",
      "fields": {
        "module_id": 8,
        "key" : "SYSTEM_CONFIGURATION",
        "name": "System Configuration",
        "is_active": "True"
      }
    },
    {
      "pk": "34",
      "model": "commonapp.SubModule",
      "fields": {
        "module_id": 10,
        "key" : "DEMOSM",
        "name": "DemoSM",
        "is_active": "True"
      }
    },
    {
      "pk": "35",
      "model": "commonapp.SubModule",
      "fields": {
        "module_id": 2,
        "key" : "SEARCH_CONSUMER",
        "name": "Search Consumer",
        "is_active": "True"
      }
    },
    {
      "pk": "36",
      "model": "commonapp.SubModule",
      "fields": {
        "module_id": 2,
        "key" : "COMPLAINTS",
        "name": "Complaints",
        "is_active": "True"
      }
    },
    {
      "pk": "37",
      "model": "commonapp.SubModule",
      "fields": {
        "module_id": 2,
        "key" : "CONSUMER",
        "name": "Consumer",
        "is_active": "True"
      }
    },
    {
      "pk": "38",
      "model": "commonapp.SubModule",
      "fields": {
        "module_id": 2,
        "key" : "PAYMENTS",
        "name": "Payments",
        "is_active": "True"
      }
    },
    {
      "pk": "39",
      "model": "commonapp.SubModule",
      "fields": {
        "module_id": 2,
        "key" : "REGISTRATION",
        "name": "REGISTRATION",
        "is_active": "True"
      }
    },
    {
      "pk": "1",
      "model": "userapp.Privilege",
      "fields": {
        "key":"VIEW",
        "name": "View",
        "is_active": "True"
      }
    },
    {
      "pk": "2",
      "model": "userapp.Privilege",
      "fields": {
        "key":"EDIT",
        "name": "Edit",
        "is_active": "True"
      }
    },
    {
      "pk": "1",
      "model": "userapp.RoleType",
      "fields": {
        "tenant": 1,

        "key":"TENANT",
        "name": "Tenant",
        "is_active": "True"
      }
    },
    {
      "pk": "2",
      "model": "userapp.RoleType",
      "fields": {
        "tenant": 1,

        "key":"UTILITY",
        "name": "Utility",
        "is_active": "True"
      }
    },
    {
      "pk": "1",
      "model": "userapp.RoleSubType",
      "fields": {
        "tenant": 1,

        "key":"EMPLOYEE",
        "name": "employee",
        "role_type_id": 2,
        "is_active": "True"
      }
    },
    {
      "pk": "2",
      "model": "userapp.RoleSubType",
      "fields": {
        "tenant": 1,

        "key":"VENDOR",
        "name": "vendor",
        "role_type_id": 2,
        "is_active": "True"
      }
    },
    {
      "pk": "3",
      "model": "userapp.RoleSubType",
      "fields": {
        "tenant": 1,

        "key":"EMPLOYEE",
        "name": "employee",
        "role_type_id": 1,
        "is_active": "True"
      }
    },
    {
      "pk": "4",
      "model": "userapp.RoleSubType",
      "fields": {
        "tenant": 1,

        "key":"VENDOR",
        "name": "vendor",
        "role_type_id": 1,
        "is_active": "True"
      }
    },
    {
      "pk": "1",
      "model": "commonapp.Department",
      "fields": {
        "name": "S&M",
        "is_active": "True"
      }
    },
    {
      "pk": "2",
      "model": "commonapp.Department",
      "fields": {
        "name": "Consumer care",
        "is_active": "True"
      }
    },
    {
      "pk": "3",
      "model": "commonapp.Department",
      "fields": {
        "name": "Consumer Ops",
        "is_active": "True"
      }
    },
    {
      "pk": "4",
      "model": "commonapp.Department",
      "fields": {
        "name": "HR",
        "is_active": "True"
      }
    },
    {
      "pk": "1",
      "model": "commonapp.FormFactor",
      "fields": {
        "tenant": 1,

        "name": "Web",
        "is_active": "True"
      }
    },
    {
      "pk": "2",
      "model": "commonapp.FormFactor",
      "fields": {
        "tenant": 1,

        "name": "Mobile",
        "is_active": "True"
      }
    },
    {
      "pk": "1",
      "model": "userapp.Role",
      "fields": {
        "tenant": 1,
        "type_id":1,
        "sub_type_id":1,
        "form_factor_id":1,
        "department_id":1,
        "role_ID":"Role_1",
        "role": "Super Admin",
        "is_active": "True"
      }
    },

    {
      "pk": "1",
      "model": "userapp.RolePrivilege",
      "fields": {
        "tenant": 1,
        "role_id": 1,
        "module_id": 1,
        "sub_module_id": 1,
        "privilege_id": 1,
        "is_active": "True"
      }
    },
    {
      "pk": "2",
      "model": "userapp.RolePrivilege",
      "fields": {
        "tenant": 1,
        "role_id": 1,
        "module_id": 1,
        "sub_module_id": 2,
        "privilege_id": 2,
        "is_active": "True"
      }
    },
    {
      "pk": "3",
      "model": "userapp.RolePrivilege",
      "fields": {
        "tenant": 1,

        "role_id": 1,
        "module_id": 1,
        "sub_module_id": 3,
        "privilege_id": 1,
        "is_active": "True"
      }
    },
    {
      "pk": "4",
      "model": "userapp.RolePrivilege",
      "fields": {
        "tenant": 1,
        "role_id": 1,
        "module_id": 4,
        "sub_module_id": 14,
        "privilege_id": 2,
        "is_active": "True"
      }
    },
  {
      "pk": "5",
      "model": "userapp.RolePrivilege",
      "fields": {
        "tenant": 1,
        "role_id": 1,
        "module_id": 4,
        "sub_module_id": 15,
        "privilege_id": 2,
        "is_active": "True"
      }
    },
  {
      "pk": "6",
      "model": "userapp.RolePrivilege",
      "fields": {
        "tenant": 1,
        "role_id": 1,
        "module_id": 8,
        "sub_module_id": 32,
        "privilege_id": 2,
        "is_active": "True"
      }
    },
  {
      "pk": "7",
      "model": "userapp.RolePrivilege",
      "fields": {
        "tenant": 1,
        "role_id": 1,
        "module_id": 8,
        "sub_module_id": 33,
        "privilege_id": 2,
        "is_active": "True"
      }
    },
  {
      "pk": "8",
      "model": "userapp.RolePrivilege",
      "fields": {
        "tenant": 1,
        "role_id": 1,
        "module_id": 7,
        "sub_module_id": 29,
        "privilege_id": 2,
        "is_active": "True"
      }
    },
  {
      "pk": "9",
      "model": "userapp.RolePrivilege",
      "fields": {
        "tenant": 1,
        "role_id": 1,
        "module_id": 7,
        "sub_module_id": 30,
        "privilege_id": 2,
        "is_active": "True"
      }
    },
  {
      "pk": "10",
      "model": "userapp.RolePrivilege",
      "fields": {
        "tenant": 1,
        "role_id": 1,
        "module_id": 7,
        "sub_module_id": 31,
        "privilege_id": 2,
        "is_active": "True"
      }
    },
  {
      "pk": "11",
      "model": "userapp.RolePrivilege",
      "fields": {
        "tenant": 1,
        "role_id": 1,
        "module_id": 10,
        "sub_module_id": 34,
        "privilege_id": 2,
        "is_active": "True"
      }
    },
   {
      "pk": "12",
      "model": "userapp.RolePrivilege",
      "fields": {
        "tenant": 1,
        "role_id": 1,
        "module_id": 9,
        "sub_module_id": 1,
        "privilege_id": 2,
        "is_active": "True"
      }
    },
    {
      "pk": "13",
      "model": "userapp.RolePrivilege",
      "fields": {
        "tenant": 1,
        "role_id": 1,
        "module_id": 1,
        "sub_module_id": 36,
        "privilege_id": 2,
        "is_active": "True"
      }
    },
  {
      "pk": "14",
      "model": "userapp.RolePrivilege",
      "fields": {
        "tenant": 1,
        "role_id": 1,
        "module_id": 1,
        "sub_module_id": 37,
        "privilege_id": 2,
        "is_active": "True"
      }
    },
  {
      "pk": "15",
      "model": "userapp.RolePrivilege",
      "fields": {
        "tenant": 1,
        "role_id": 1,
        "module_id": 1,
        "sub_module_id": 38,
        "privilege_id": 2,
        "is_active": "True"
      }
    },
  {
      "pk": "16",
      "model": "userapp.RolePrivilege",
      "fields": {
        "tenant": 1,
        "role_id": 1,
        "module_id": 1,
        "sub_module_id": 39,
        "privilege_id": 2,
        "is_active": "True"
      }
    },

  {
      "pk": "1",
      "model": "userapp.UserType",
      "fields": {
        "tenant": 1,
        "key": "TENANT",
        "name": "Tenant",
        "is_active": "True"
      }
    },

    {
      "pk": "1",
      "model": "master.MasterUser",
      "fields": {
        "tenant": 1,
        "email": "gemspring@gmail.com",
        "password": "pbkdf2_sha256$180000$uzNpPbxCk89A$RVkZS3CagGqM2rjACQprmRJE/Ok769BaaC0rWKdcFWw=",
        "is_staff": "True",
        "is_active": "True",
        "is_superuser": "True"
      }
    },
   {
      "pk": "1",
      "model": "master.User",
      "fields": {
        "tenant": 1,
        "email": "gemspring@gmail.com",
        "password": "pbkdf2_sha256$180000$uzNpPbxCk89A$RVkZS3CagGqM2rjACQprmRJE/Ok769BaaC0rWKdcFWw=",
        "is_staff": "True",
        "is_active": "True",
         "user_type_id": 1,
        "user_subtype_id": 1,
        "status_id":1,
        "is_superuser": "True"
      }
    },
    {
      "pk": "1",
      "model": "userapp.UserRole",
      "fields": {
        "tenant": 1,

        "user_id": 1,
        "role_id": 1,
        "is_active": "True"
      }
    },
    {
      "pk": "1",
      "model": "tenant.TenantModule",
      "fields": {
        "tenant": 1,
        "module_id": 1,
        "is_active": "True"
      }
    },
    {
      "pk": "2",
      "model": "tenant.TenantModule",
      "fields": {
        "tenant": 1,
        "module_id": 4,
        "is_active": "True"
      }
    },
{
      "pk": "3",
      "model": "tenant.TenantModule",
      "fields": {
        "tenant": 1,
        "module_id": 7,
        "is_active": "True"
      }
    },
{
      "pk": "4",
      "model": "tenant.TenantModule",
      "fields": {
        "tenant": 1,
        "module_id": 8,
        "is_active": "True"
      }
    },
{
      "pk": "5",
      "model": "tenant.TenantModule",
      "fields": {
        "tenant": 1,
        "module_id": 9,
        "is_active": "True"
      }
    },
    {
      "pk": "1",
      "model": "tenant.TenantSubModule",
      "fields": {
        "tenant": 1,
        "module_id": 1,
        "sub_module_id": 1,
        "is_active": "True"
      }
    },
    {
      "pk": "2",
      "model": "tenant.TenantSubModule",
      "fields": {
        "tenant": 1,
        "module_id": 1,
        "sub_module_id": 2,
        "is_active": "True"
      }
    },
{
      "pk": "3",
      "model": "tenant.TenantSubModule",
      "fields": {
        "tenant": 1,
        "module_id": 1,
        "sub_module_id": 3,
        "is_active": "True"
      }
    },
{
      "pk": "4",
      "model": "tenant.TenantSubModule",
      "fields": {
        "tenant": 1,
        "module_id": 8,
        "sub_module_id": 32,
        "is_active": "True"
      }
    },
{
      "pk": "5",
      "model": "tenant.TenantSubModule",
      "fields": {
        "tenant": 1,
        "module_id": 8,
        "sub_module_id": 33,
        "is_active": "True"
      }
    },
  {
      "pk": "6",
      "model": "tenant.TenantSubModule",
      "fields": {
        "tenant": 1,
        "module_id": 4,
        "sub_module_id": 14,
        "is_active": "True"
      }
    },
  {
      "pk": "7",
      "model": "tenant.TenantSubModule",
      "fields": {
        "tenant": 1,
        "module_id": 4,
        "sub_module_id": 15,
        "is_active": "True"
      }
    },
  {
      "pk": "8",
      "model": "tenant.TenantSubModule",
      "fields": {
        "tenant": 1,
        "module_id": 7,
        "sub_module_id": 29,
        "is_active": "True"
      }
    },
  {
      "pk": "9",
      "model": "tenant.TenantSubModule",
      "fields": {
        "tenant": 1,
        "module_id": 7,
        "sub_module_id": 30,
        "is_active": "True"
      }
    },
  {
      "pk": "10",
      "model": "tenant.TenantSubModule",
      "fields": {
        "tenant": 1,
        "module_id": 7,
        "sub_module_id": 31,
        "is_active": "True"
      }
    },
   {
      "pk": "11",
      "model": "tenant.TenantSubModule",
      "fields": {
        "tenant": 1,
        "module_id": 1,
        "sub_module_id": 36,
        "is_active": "True"
      }
    },
  {
      "pk": "12",
      "model": "tenant.TenantSubModule",
      "fields": {
        "tenant": 1,
        "module_id": 1,
        "sub_module_id": 37,
        "is_active": "True"
      }
    },
  {
      "pk": "13",
      "model": "tenant.TenantSubModule",
      "fields": {
        "tenant": 1,
        "module_id": 1,
        "sub_module_id": 38,
        "is_active": "True"
      }
    },
  {
      "pk": "14",
      "model": "tenant.TenantSubModule",
      "fields": {
        "tenant": 1,
        "module_id": 1,
        "sub_module_id": 39,
        "is_active": "True"
      }
    },


    {
      "pk": "1",
      "model": "commonapp.Product",
      "fields": {
        "name": "Water",
        "is_active": "True"
      }
    },
    {
      "pk": "2",
      "model": "commonapp.Product",
      "fields": {
        "name": "Waste Water",
        "is_active": "True"
      }
    },

  {
      "pk": "1",
      "model": "commonapp.Currency",
      "fields": {
        "name": "Dollar",
        "key": "DOLLAR",
        "is_active": "True"
      }
    },
    {
      "pk": "1",
      "model": "userapp.UserStatus",
      "fields": {
        "tenant": 1,

        "status":"New",
        "is_active": "True"
      }
    },
    {
      "pk": "2",
      "model": "userapp.UserStatus",
      "fields": {
        "tenant": 1,

        "status":"Active",
        "is_active": "True"
      }
    },
  {
    "pk": "1",
    "model": "tenant.TenantMaster",
    "fields": {
      "short_name": "GemCap",
      "name": "GemSpring Capital",
      "mobile_no": 7865433289,
      "email_id": "gemspring@gmail.com",
      "pan_no": "ASDFG5671H",
      "tax_id": 1234,
      "address": "P. NO.19 , LOTUS ENCLAVE Nashik",
      "is_active": "True"
    }
  },
    {
      "pk": "1",
      "model": "tenant.TenantSubscriptionPlan",
      "fields": {
        "subscription_name": "Standard",
        "short_name": "STD",
        "description": "CX,BX,MX",
        "max_storage": "5",
        "status": "0",
        "module_obj":[
          {"module_name": "Registration"},
          {"module_name": "Admin"},
          {"module_name": "Dashboard"},
          {"module_name": "Consumer Care"},
          {"module_name": "Services"},
          {"module_name": "Complaints"},
          {"module_name": "Payments"},
          {"module_name": "Survey"},
          {"module_name": "Reports"}
        ],
        "is_active": "True"
      }
    },
  {
    "pk": "2",
    "model": "tenant.TenantSubscriptionPlan",
    "fields": {
      "subscription_name": "Professional",
      "short_name": "PRO",
      "description": "CX,BX,MX,WX",
      "max_storage": "5",
      "status": "1",
      "module_obj": [
        {"module_name": "Registration"},
          {"module_name": "Admin"},
          {"module_name": "Dashboard"},
          {"module_name": "Consumer Care"},
          {"module_name": "Services"},
          {"module_name": "Complaints"},
          {"module_name": "Payments"},
          {"module_name": "Survey"},
          {"module_name": "Reports"}
      ],
      "is_active": "True"
    }
  },
  {
      "pk": "3",
      "model": "tenant.TenantSubscriptionPlan",
      "fields": {
        "subscription_name": "Business",
        "short_name": "BUS",
        "description": "CX,BX,MX,WX,SX,PX",
        "max_storage": "5",
        "status": "2",
        "module_obj":[
          {"module_name": "Registration"},
          {"module_name": "Admin"},
          {"module_name": "Consumer Ops"},
          {"module_name": "Work Order"}
        ],
        "is_active": "True"
      }
    },
  {
      "pk": "1",
      "model": "tenant.TenantSubscription",
      "fields": {
        "tenant": "1",
        "subscription_plan_id": "1",
        "subscription_rate_id": "1",
        "max_utility": "5",
        "max_consumer": "10000",
        "status": "0",
        "is_active": "True"
      }
  },
  {
      "pk": "1",
      "model": "tenant.TenantSubscriptionPlanRate",
      "fields": {
        "tenant": "1",
        "subscription_plan_id": "1",
        "subscription_name": "Standard",
        "tenant_subscription_id": "1",
        "base_rate": 5.99,
        "currency_id": "1",
        "region_id": "1",
        "is_taxable": "True",
        "tax": 5.25,
        "is_active": "True"
      }
  },
  {
     "pk": "1",
     "model": "work_order.MaterialType",
     "fields": {
       "tenant": 1,
       "name": "Pipe",
		"is_active": "True"
     }
  },
  {
     "pk": "2",
     "model": "work_order.MaterialType",
     "fields": {
       "tenant": 1,
       "name": "Elbow",
		"is_active": "True"
     }
  },
  {
     "pk": "3",
     "model": "work_order.MaterialType",
     "fields": {
       "tenant": 1,
       "name": "Socket",
		"is_active": "True"
     }
  },
  {
     "pk": "4",
     "model": "work_order.MaterialType",
     "fields": {
       "tenant": 1,
       "name": "Valves",
		"is_active": "True"
     }
  },
  {
     "pk": "5",
     "model": "work_order.MaterialType",
     "fields": {
       "tenant": 1,
       "name": "Regulator",
		"is_active": "True"
     }
  },
  {
     "pk": "1",
     "model": "work_order.MaterialSubType",
     "fields": {
       "tenant": 1,
       "name": "GI pipe",
		"material_type_id":1,
		"is_active": "True"
     }
},
{
     "pk": "2",
     "model": "work_order.MaterialSubType",
     "fields": {
       "tenant": 1,
       "name": "Copper  pipe",
		"material_type_id":1,
		"is_active": "True"
     }
},
{
     "pk": "3",
     "model": "work_order.MaterialSubType",
     "fields": {
       "tenant": 1,
       "name": "MDPE  elbow",
		"material_type_id":1,
		"is_active": "True"
     }
},
{
     "pk": "4",
     "model": "work_order.MaterialSubType",
     "fields": {
       "tenant": 1,
       "name": "GI  pipe",
		"material_type_id":2,
		"is_active": "True"
     }
},
{
     "pk": "5",
     "model": "work_order.MaterialSubType",
     "fields": {
       "tenant": 1,
       "name": "Copper  elbow",
		"material_type_id":2,
		"is_active": "True"
     }
},
{
     "pk": "6",
     "model": "work_order.MaterialSubType",
     "fields": {
       "tenant": 1,
       "name": "GI  Socket",
		"material_type_id":3,
		"is_active": "True"
     }
},
{
     "pk": "7",
     "model": "work_order.MaterialSubType",
     "fields": {
       "tenant": 1,
       "name": "Copper  socket",
		"material_type_id":3,
		"is_active": "True"
     }
},
  {
     "pk": "8",
     "model": "work_order.MaterialSubType",
     "fields": {
       "tenant": 1,
       "name": "Appliance",
		"material_type_id":4,
		"is_active": "True"
     }
},
{
     "pk": "9",
     "model": "work_order.MaterialSubType",
     "fields": {
       "tenant": 1,
       "name": "Isolation ",
		"material_type_id":4,
		"is_active": "True"
     }
},
{
    "pk": "10",
     "model": "work_order.MaterialSubType",
     "fields": {
       "tenant": 1,
       "name": "Appliance",
		"material_type_id":4,
		"is_active": "True"
     }
},
{
     "pk": "11",
     "model": "work_order.MaterialSubType",
     "fields": {
       "tenant": 1,

       "name": "Isolation ",
		"material_type_id":4,
		"is_active": "True"
     }
},
{
     "pk": "12",
     "model": "work_order.MaterialSubType",
     "fields": {
       "tenant": 1,

       "name": "Appliance",
		"material_type_id":4,
		"is_active": "True"
     }
},
{
     "pk": "13",
     "model": "work_order.MaterialSubType",
     "fields": {
       "tenant": 1,

       "name": "Isolation ",
		"material_type_id":4,
		"is_active": "True"
     }
},
  {
     "pk": "1",
     "model": "work_order.MaterialName",
     "fields": {
       "tenant": 1,

       "name": "GI pipe 1/2",
		"material_subtype_id":1,
		"is_active": "True"
     }
},
{
     "pk": "2",
     "model": "work_order.MaterialName",
     "fields": {
       "tenant": 1,

       "name": "GI pipe 3/4",
		"material_subtype_id":1,
		"is_active": "True"
     }
},
{
     "pk": "1",
     "model": "work_order.MaterialName",
     "fields": {
       "tenant": 1,

       "name": "GI pipe 1",
		"material_subtype_id":1,
		"is_active": "True"
     }
},
{
     "pk": "4",
     "model": "work_order.MaterialName",
     "fields": {
       "tenant": 1,

       "name": "GI pipe 2",
		"material_subtype_id":1,
		"is_active": "True"
     }
},
{
     "pk": "5",
     "model": "work_order.MaterialName",
     "fields": {
       "tenant": 1,

       "name": "CU PIPE 12 MM",
		"material_subtype_id":2,
		"is_active": "True"
     }
},
{
     "pk": "6",
     "model": "work_order.MaterialName",
     "fields": {
       "tenant": 1,

       "name": "MDPE PIPE 20MM",
		"material_subtype_id":3,
		"is_active": "True"
     }
},
{
     "pk": "7",
     "model": "work_order.MaterialName",
     "fields": {
       "tenant": 1,

       "name": "GI Elbow 1/2",
		"material_subtype_id":4,
		"is_active": "True"
     }
},
{
     "pk": "8",
     "model": "work_order.MaterialName",
     "fields": {
       "tenant": 1,

       "name": "GI Elbow 3/4",
		"material_subtype_id":4,
		"is_active": "True"
     }
},
{
     "pk": "9",
     "model": "work_order.MaterialName",
     "fields": {
       "tenant": 1,

       "name": "GI Elbow 1",
		"material_subtype_id":4,
		"is_active": "True"
     }
},
{
     "pk": "10",
     "model": "work_order.MaterialName",
     "fields": {
       "tenant": 1,

       "name": "GI Elbow 2",
		"material_subtype_id":4,
		"is_active": "True"
     }
},
{
     "pk": "11",
     "model": "work_order.MaterialName",
     "fields": {
       "tenant": 1,

       "name": "CU Elbow 12 MM",
		"material_subtype_id":5,
		"is_active": "True"
     }
},
{
     "pk": "12",
     "model": "work_order.MaterialName",
     "fields": {
       "tenant": 1,

       "name": "GI Socket 1/2",
		"material_subtype_id":6,
		"is_active": "True"
     }
},
{
     "pk": "13",
     "model": "work_order.MaterialName",
     "fields": {
       "tenant": 1,

       "name": "GI Socket 3/4",
		"material_subtype_id":6,
		"is_active": "True"
     }
},
{
     "pk": "14",
     "model": "work_order.MaterialName",
     "fields": {
       "tenant": 1,

       "name": "GI socket 1",
		"material_subtype_id":6,
		"is_active": "True"
     }
},
{
     "pk": "15",
     "model": "work_order.MaterialName",
     "fields": {
       "tenant": 1,

       "name": "GI socket 2",
		"material_subtype_id":6,
		"is_active": "True"
     }
},
{
     "pk": "16",
     "model": "work_order.MaterialName",
     "fields": {
       "tenant": 1,

       "name": "CU Socket 12 MM",
		"material_subtype_id":7,
		"is_active": "True"
     }
},
{
     "pk": "17",
     "model": "work_order.MaterialName",
     "fields": {
       "tenant": 1,

       "name": "Appliance valves 1/2",
		"material_subtype_id":8,
		"is_active": "True"
     }
},
{
     "pk": "18",
     "model": "work_order.MaterialName",
     "fields": {
       "tenant": 1,

       "name": "Isolation  valves 1/2",
		"material_subtype_id":9,
		"is_active": "True"
     }
},
{
     "pk": "19",
     "model": "work_order.MaterialName",
     "fields": {
       "tenant": 1,

       "name": "Isolation  valves 3/4",
		"material_subtype_id":9,
		"is_active": "True"
     }
},
{
     "pk": "20",
     "model": "work_order.MaterialName",
     "fields": {
       "tenant": 1,

       "name": "Isolation  valves 1",
		"material_subtype_id":9,
		"is_active": "True"
     }
},
{
     "pk": "21",
     "model": "work_order.MaterialName",
     "fields": {
       "tenant": 1,

       "name": "Isolation  valves 2",
		"material_subtype_id":9,
		"is_active": "True"
     }
},
{
     "pk": "22",
     "model": "work_order.MaterialName",
     "fields": {
       "tenant": 1,

       "name": "Meter  Regulator 2.5 SCMH (100 mbar to 22 mbar)",
		"material_subtype_id":10,
		"is_active": "True"
     }
},
{
     "pk": "23",
     "model": "work_order.MaterialName",
     "fields": {
       "tenant": 1,

       "name": "Riser  Regulator 2.5 SCMH (100 mbar to 22 mbar)",
		"material_subtype_id":11,
		"is_active": "True"
     }
},
{
     "pk": "24",
     "model": "work_order.MaterialName",
     "fields": {
       "tenant": 1,

       "name": "Riser  Regulator 6 SCMH (4 bar to 22 mbar)",
		"material_subtype_id":11,
		"is_active": "True"
     }
},
  {
   "pk": "1",
   "model": "work_order.WorkOrderRule",
   "fields": {
    "tenant":"1",
    "rule_id": 1,
    "rule": "Active Resources",
     "is_active": "True"
   }
 },
 {
   "pk": "2",
   "model": "work_order.WorkOrderRule",
   "fields": {
    "tenant":"1",
  "rule_id": 2,
    "rule": "Match Skills",
     "is_active": "True"
   }
 },
{
   "pk": "3",
   "model": "work_order.WorkOrderRule",
   "fields": {
    "tenant":"1",
  "rule_id": 3,
    "rule": "Resource Availability",
     "is_active": "True"
   }
 },
{
   "pk": "4",
   "model": "work_order.WorkOrderRule",
   "fields": {
    "tenant":"1",
   "rule_id": 4,
    "rule": "Due date",
     "is_active": "True"
   }
 },
  {
 "pk": "1",
   "model": "commonapp.Skills",
   "fields": {
    "tenant":"1",
   "skill": "Grade IIB",
     "is_active": "True"
   }
 },
{
 "pk": "2",
   "model": "commonapp.Skills",
   "fields": {
    "tenant":"1",
    "skill": "Currently Enrolled in Grade C Water Course",
     "is_active": "True"
   }
 },
{
 "pk": "3",
   "model": "commonapp.Skills",
   "fields": {
    "tenant":"1",
    "skill": "Grade C Water Couse Completed",
     "is_active": "True"
   }
 },
  {
 "pk": "4",
   "model": "commonapp.Skills",
   "fields": {
    "tenant":"1",
    "skill": "Grade C Water Couse Completed",
     "is_active": "True"
   }
 },
  {
 "pk": "5",
   "model": "commonapp.Skills",
   "fields": {
    "tenant":"1",
    "skill": "Grade IIA",
     "is_active": "True"
   }
 },
  {
 "pk": "6",
   "model": "commonapp.Skills",
   "fields": {
    "tenant":"1",
    "skill": "Grade C",
     "is_active": "True"
   }
 },
  {
 "pk": "7",
   "model": "commonapp.Skills",
   "fields": {
    "tenant":"1",
    "skill": "Grade D",
     "is_active": "True"
   }
 },
  {
 "pk": "8",
   "model": "commonapp.Skills",
   "fields": {
    "tenant":"1",
    "skill": "Grade IA",
     "is_active": "True"
   }
 },
  {
 "pk": "9",
   "model": "commonapp.Skills",
   "fields": {
    "tenant":"1",
    "skill": "Completed IIA Water Course",
     "is_active": "True"
   }
 },
  {
 "pk": "1",
   "model": "commonapp.WorkOrderType",
   "fields": {
  "name": "Installation",
  "key":"INSTALLATION",
     "is_active": "True"
   }
 },
{
 "pk": "2",
   "model": "commonapp.WorkOrderType",
   "fields": {
  "name": "Services",
  "key":"SERVICES",
     "is_active": "True"
   }
 },
{
 "pk": "3",
   "model": "commonapp.WorkOrderType",
   "fields": {
  "name": "Complaint",
     "key":"COMPLAINT",
     "is_active": "True"
   }
 },{
 "pk": "4",
   "model": "commonapp.WorkOrderType",
   "fields": {
  "name": "Maintenance",
  "key":"MAINTENANCE",
     "is_active": "True"
   }
 },
{
 "pk": "5",
   "model": "commonapp.WorkOrderType",
   "fields": {
  "name": "Outage",
  "key":"OUTAGE",
     "is_active": "True"
   }
 },
{
 "pk": "6",
   "model": "commonapp.WorkOrderType",
   "fields": {
  "name": "Emergency",
  "key":"EMERGENCY",
     "is_active": "True"
   }
 },

{
 "pk": "1",
   "model": "commonapp.WorkOrderSubType",
   "fields": {
  "name": "Repair",
"work_order_type_id":2,
"key":"REPAIR",
     "is_active": "True"
   }
 },
{
 "pk": "2",
   "model": "commonapp.WorkOrderSubType",
   "fields": {
  "name": "Collection",
"work_order_type_id":2,
"key":"COLLECTION",
     "is_active": "True"
   }
 },
  {
 "pk": "3",
   "model": "commonapp.WorkOrderSubType",
   "fields": {
  "name": "Distribution",
"work_order_type_id":2,
"key":"DISTRIBUTION",
     "is_active": "True"
   }
 },
  {
 "pk": "4",
   "model": "commonapp.WorkOrderSubType",
   "fields": {
  "name": "Lab Testing",
"work_order_type_id":2,
"key":"LABTESTING",
     "is_active": "True"
   }
 },
{
 "pk": "5",
   "model": "commonapp.WorkOrderSubType",
   "fields": {
  "name": "Billing Issue",
"work_order_type_id":3,
"key":"BILLINGISSUE",
     "is_active": "True"
   }
 },
{
 "pk": "6",
   "model": "commonapp.WorkOrderSubType",
   "fields": {
  "name": "Supply Issue",
"work_order_type_id":3,
"key":"SUPPLYISSUE",
     "is_active": "True"
   }
 },
  {
 "pk": "7",
   "model": "commonapp.WorkOrderSubType",
   "fields": {
  "name": "Quality of Service",
"work_order_type_id":3,
"key":"SUPPLYISSUE",
     "is_active": "True"
   }
 },
  {
 "pk": "8",
   "model": "commonapp.WorkOrderSubType",
   "fields": {
  "name": "Treatment Plant",
"work_order_type_id":4,
"key":"TREATMENTPLANT",
     "is_active": "True"
   }
 },
  {
 "pk": "9",
   "model": "commonapp.WorkOrderSubType",
   "fields": {
  "name": "Pump Station",
"work_order_type_id":4,
"key":"PUMPSTATION",
     "is_active": "True"
   }
 },
  {
 "pk": "10",
   "model": "commonapp.WorkOrderSubType",
   "fields": {
  "name": "Out of Supply",
"work_order_type_id":4,
"key":"OUTOFSUPPLY",
     "is_active": "True"
   }
 },
  {
 "pk": "1",
   "model": "utility.UtilityServiceNumberFormat",
   "fields": {
    "tenant": "1",
    "module_id":"8",
     "sub_module_id": "32",
     "is_prefix": "True",
     "prefix": "COMPANY_",
     "startingno": "1001",
     "currentno": "1001",
     "created_by": "1",
     "is_active": "True"
   }
 },
{
		"pk": "1",
		"model": "commonapp.Global_Lookup",
		"fields": {
			"category": "Activity_Type",
			"key": "reading",
			"value": "Reading",
			"is_active": "True"
		}
	},
	{
		"pk": "2",
		"model": "commonapp.Global_Lookup",
		"fields": {
			"category": "Activity_Type",
			"key": "bill-distribution",
			"value": "Bill-Distribution",
			"is_active": "True"
		}
	},
	{
		"pk": "3",
		"model": "commonapp.Global_Lookup",
		"fields": {
			"category": "Activity_Type",
			"key": "notice",
			"value": "Notice",
			"is_active": "True"
		}
	},
	{
		"pk": "4",
		"model": "commonapp.Global_Lookup",
		"fields": {
			"category": "Frequency",
			"key": "daily",
			"value": "Daily",
			"is_active": "True"
		}
	},
	{
		"pk": "5",
		"model": "commonapp.Global_Lookup",
		"fields": {
			"category": "Frequency",
			"key": "weekly",
			"value": "Weekly",
			"is_active": "True"
		}
	},
	{
		"pk": "6",
		"model": "commonapp.Global_Lookup",
		"fields": {
			"category": "Frequency",
			"key": "monthly",
			"value": "Monthly",
			"is_active": "True"
		}
	},
	{
		"pk": "7",
		"model": "commonapp.Global_Lookup",
		"fields": {
			"category": "Frequency",
			"key": "yearly",
			"value": "Yearly",
			"is_active": "True"
		}
	},
	{
		"pk": "8",
		"model": "commonapp.Global_Lookup",
		"fields": {
			"category": "Recurrence",
			"key": "yes",
			"value": "Yes",
			"is_active": "True"
		}
	},
	{
		"pk": "9",
		"model": "commonapp.Global_Lookup",
		"fields": {
			"category": "Recurrence",
			"key": "no",
			"value": "No",
			"is_active": "True"
		}
	},
	{
		"pk": "10",
		"model": "commonapp.Global_Lookup",
		"fields": {
			"category": "Repeat_Day",
			"key": "1 day",
			"value": "1 Day",
			"is_active": "True"
		}
	},
	{
		"pk": "11",
		"model": "commonapp.Global_Lookup",
		"fields": {
			"category": "Repeat_Day",
			"key": "2 day",
			"value": "2 Day",
			"is_active": "True"
		}
	},
	{
		"pk": "12",
		"model": "commonapp.Global_Lookup",
		"fields": {
			"category": "Repeat_Day",
			"key": "3 day",
			"value": "3 Day",
			"is_active": "True"
		}
	},
	{
		"pk": "13",
		"model": "commonapp.Global_Lookup",
		"fields": {
			"category": "Repeat_Day",
			"key": "4 day",
			"value": "4 Day",
			"is_active": "True"
		}
	},
	{
		"pk": "14",
		"model": "commonapp.Global_Lookup",
		"fields": {
			"category": "Repeat_Day",
			"key": "5 day",
			"value": "5 Day",
			"is_active": "True"
		}
	},
	{
		"pk": "15",
		"model": "commonapp.Global_Lookup",
		"fields": {
			"category": "Repeat_Day",
			"key": "6 day",
			"value": "6 Day",
			"is_active": "True"
		}
	},
	{
		"pk": "16",
		"model": "commonapp.Global_Lookup",
		"fields": {
			"category": "Repeat_Day",
			"key": "7 day",
			"value": "7 Day",
			"is_active": "True"
		}
	},
	{
		"pk": "17",
		"model": "commonapp.Global_Lookup",
		"fields": {
			"category": "Repeat_Day",
			"key": "8 day",
			"value": "8 Day",
			"is_active": "True"
		}
	},
	{
		"pk": "18",
		"model": "commonapp.Global_Lookup",
		"fields": {
			"category": "Repeat_Day",
			"key": "9 day",
			"value": "9 Day",
			"is_active": "True"
		}
	},
	{
		"pk": "19",
		"model": "commonapp.Global_Lookup",
		"fields": {
			"category": "Repeat_Day",
			"key": "10 day",
			"value": "10 Day",
			"is_active": "True"
		}
	},
	{
		"pk": "20",
		"model": "commonapp.Global_Lookup",
		"fields": {
			"category": "Repeat_Day",
			"key": "11 day",
			"value": "11 Day",
			"is_active": "True"
		}
	},
	{
		"pk": "21",
		"model": "commonapp.Global_Lookup",
		"fields": {
			"category": "Repeat_Day",
			"key": "12 day",
			"value": "12 Day",
			"is_active": "True"
		}
	},
	{
		"pk": "22",
		"model": "commonapp.Global_Lookup",
		"fields": {
			"category": "Repeat_Day",
			"key": "13 day",
			"value": "13 Day",
			"is_active": "True"
		}
	},
	{
		"pk": "23",
		"model": "commonapp.Global_Lookup",
		"fields": {
			"category": "Repeat_Day",
			"key": "14 day",
			"value": "14 Day",
			"is_active": "True"
		}
	},
	{
		"pk": "24",
		"model": "commonapp.Global_Lookup",
		"fields": {
			"category": "Repeat_Day",
			"key": "15 day",
			"value": "15 Day",
			"is_active": "True"
		}
	},
	{
		"pk": "25",
		"model": "commonapp.Global_Lookup",
		"fields": {
			"category": "Repeat_Month",
			"key": "1 month",
			"value": "1 Month",
			"is_active": "True"
		}
	},
	{
		"pk": "26",
		"model": "commonapp.Global_Lookup",
		"fields": {
			"category": "Repeat_Month",
			"key": "2 month",
			"value": "2 Month",
			"is_active": "True"
		}
	},
	{
		"pk": "27",
		"model": "commonapp.Global_Lookup",
		"fields": {
			"category": "Repeat_Week",
			"key": "1 week",
			"value": "1 Week",
			"is_active": "True"
		}
	},
	{
		"pk": "28",
		"model": "commonapp.Global_Lookup",
		"fields": {
			"category": "Occur_Month",
			"key": "day 1 of the month",
			"value": "Day 1 Of The Month",
			"is_active": "True"
		}
	},
	{
		"pk": "29",
		"model": "commonapp.Global_Lookup",
		"fields": {
			"category": "Occur_Month",
			"key": "day 2 of the month",
			"value": "Day 2 Of The Month",
			"is_active": "True"
		}
	},
	{
		"pk": "30",
		"model": "commonapp.Global_Lookup",
		"fields": {
			"category": "Occur_Month",
			"key": "day 3 of the month",
			"value": "Day 3 Of The Month",
			"is_active": "True"
		}
	},
	{
		"pk": "31",
		"model": "commonapp.Global_Lookup",
		"fields": {
			"category": "Occur_Month",
			"key": "day 4 of the month",
			"value": "Day 4 Of The Month",
			"is_active": "True"
		}
	},
	{
		"pk": "32",
		"model": "commonapp.Global_Lookup",
		"fields": {
			"category": "Occur_Month",
			"key": "day 5 of the month",
			"value": "Day 5 Of The Month",
			"is_active": "True"
		}
	},
	{
		"pk": "33",
		"model": "commonapp.Global_Lookup",
		"fields": {
			"category": "Occur_Month",
			"key": "day 6 of the month",
			"value": "Day 6 Of The Month",
			"is_active": "True"
		}
	},
	{
		"pk": "34",
		"model": "commonapp.Global_Lookup",
		"fields": {
			"category": "Occur_Month",
			"key": "day 7 of the month",
			"value": "Day 7 Of The Month",
			"is_active": "True"
		}
	},
	{
		"pk": "35",
		"model": "commonapp.Global_Lookup",
		"fields": {
			"category": "Occur_Month",
			"key": "day 8 of the month",
			"value": "Day 8 Of The Month",
			"is_active": "True"
		}
	},
	{
		"pk": "36",
		"model": "commonapp.Global_Lookup",
		"fields": {
			"category": "Occur_Month",
			"key": "day 9 of the month",
			"value": "Day 9 Of The Month",
			"is_active": "True"
		}
	},
	{
		"pk": "37",
		"model": "commonapp.Global_Lookup",
		"fields": {
			"category": "Occur_Month",
			"key": "day 10 of the month",
			"value": "Day 10 Of The Month",
			"is_active": "True"
		}
	},
	{
		"pk": "38",
		"model": "commonapp.Global_Lookup",
		"fields": {
			"category": "Occur_Month",
			"key": "day 11 of the month",
			"value": "Day 11 Of The Month",
			"is_active": "True"
		}
	},
	{
		"pk": "39",
		"model": "commonapp.Global_Lookup",
		"fields": {
			"category": "Occur_Month",
			"key": "day 12 of the month",
			"value": "Day 12 Of The Month",
			"is_active": "True"
		}
	},
	{
		"pk": "40",
		"model": "commonapp.Global_Lookup",
		"fields": {
			"category": "Occur_Month",
			"key": "day 13 of the month",
			"value": "Day 13 Of The Month",
			"is_active": "True"
		}
	},
	{
		"pk": "41",
		"model": "commonapp.Global_Lookup",
		"fields": {
			"category": "Occur_Month",
			"key": "day 14 of the month",
			"value": "Day 14 Of The Month",
			"is_active": "True"
		}
	},
	{
		"pk": "42",
		"model": "commonapp.Global_Lookup",
		"fields": {
			"category": "Occur_Month",
			"key": "day 15 of the month",
			"value": "Day 15 Of The Month",
			"is_active": "True"
		}
	},
	{
		"pk": "43",
		"model": "commonapp.Global_Lookup",
		"fields": {
			"category": "Occur_Month",
			"key": "day 16 of the month",
			"value": "Day 16 Of The Month",
			"is_active": "True"
		}
	},
	{
		"pk": "44",
		"model": "commonapp.Global_Lookup",
		"fields": {
			"category": "Occur_Month",
			"key": "day 17 of the month",
			"value": "Day 17 Of The Month",
			"is_active": "True"
		}
	},
	{
		"pk": "45",
		"model": "commonapp.Global_Lookup",
		"fields": {
			"category": "Occur_Month",
			"key": "day 18 of the month",
			"value": "Day 18 Of The Month",
			"is_active": "True"
		}
	},
	{
		"pk": "46",
		"model": "commonapp.Global_Lookup",
		"fields": {
			"category": "Occur_Month",
			"key": "day 19 of the month",
			"value": "Day 19 Of The Month",
			"is_active": "True"
		}
	},
	{
		"pk": "47",
		"model": "commonapp.Global_Lookup",
		"fields": {
			"category": "Occur_Month",
			"key": "day 20 of the month",
			"value": "Day 20 Of The Month",
			"is_active": "True"
		}
	},
	{
		"pk": "48",
		"model": "commonapp.Global_Lookup",
		"fields": {
			"category": "Occur_Month",
			"key": "day 21 of the month",
			"value": "Day 21 Of The Month",
			"is_active": "True"
		}
	},
	{
		"pk": "49",
		"model": "commonapp.Global_Lookup",
		"fields": {
			"category": "Occur_Month",
			"key": "day 22 of the month",
			"value": "Day 22 Of The Month",
			"is_active": "True"
		}
	},
	{
		"pk": "50",
		"model": "commonapp.Global_Lookup",
		"fields": {
			"category": "Occur_Month",
			"key": "day 23 of the month",
			"value": "Day 23 Of The Month",
			"is_active": "True"
		}
	},
	{
		"pk": "51",
		"model": "commonapp.Global_Lookup",
		"fields": {
			"category": "Occur_Month",
			"key": "day 24 of the month",
			"value": "Day 24 Of The Month",
			"is_active": "True"
		}
	},
	{
		"pk": "52",
		"model": "commonapp.Global_Lookup",
		"fields": {
			"category": "Occur_Month",
			"key": "day 25 of the month",
			"value": "Day 25 Of The Month",
			"is_active": "True"
		}
	},
	{
		"pk": "53",
		"model": "commonapp.Global_Lookup",
		"fields": {
			"category": "Occur_Month",
			"key": "day 26 of the month",
			"value": "Day 26 Of The Month",
			"is_active": "True"
		}
	},
	{
		"pk": "54",
		"model": "commonapp.Global_Lookup",
		"fields": {
			"category": "Occur_Month",
			"key": "day 27 of the month",
			"value": "Day 27 Of The Month",
			"is_active": "True"
		}
	},
	{
		"pk": "55",
		"model": "commonapp.Global_Lookup",
		"fields": {
			"category": "Occur_Month",
			"key": "day 28 of the month",
			"value": "Day 28 Of The Month",
			"is_active": "True"
		}
	},
	{
		"pk": "56",
		"model": "commonapp.Global_Lookup",
		"fields": {
			"category": "Occur_Month",
			"key": "day 29 of the month",
			"value": "Day 29 Of The Month",
			"is_active": "True"
		}
	},
	{
		"pk": "57",
		"model": "commonapp.Global_Lookup",
		"fields": {
			"category": "Occur_Month",
			"key": "day 30 of the month",
			"value": "Day 30 Of The Month",
			"is_active": "True"
		}
	},
	{
		"pk": "58",
		"model": "commonapp.Global_Lookup",
		"fields": {
			"category": "Occur_Month",
			"key": "day 31 of the month",
			"value": "Day 31 Of The Month",
			"is_active": "True"
		}
	},
		{
		"pk": "59",
		"model": "commonapp.Global_Lookup",
		"fields": {
			"category": "Repeat_Year",
			"key": "1 year",
			"value": "1 Year",
			"is_active": "True"
		}
	},
	{
		"pk": "66",
		"model": "commonapp.Global_Lookup",
		"fields": {
			"category": "Occur_Week",
			"key": "sun",
			"value": "Sun",
			"is_active": "True"
		}
	},
	{
		"pk": "61",
		"model": "commonapp.Global_Lookup",
		"fields": {
			"category": "Occur_Week",
			"key": "mon",
			"value": "Mon",
			"is_active": "True"
		}
	},
	{
		"pk": "62",
		"model": "commonapp.Global_Lookup",
		"fields": {
			"category": "Occur_Week",
			"key": "tue",
			"value": "Tue",
			"is_active": "True"
		}
	},
	{
		"pk": "63",
		"model": "commonapp.Global_Lookup",
		"fields": {
			"category": "Occur_Week",
			"key": "wed",
			"value": "Wed",
			"is_active": "True"
		}
	},
	{
		"pk": "64",
		"model": "commonapp.Global_Lookup",
		"fields": {
			"category": "Occur_Week",
			"key": "thu",
			"value": "Thu",
			"is_active": "True"
		}
	},
	{
		"pk": "65",
		"model": "commonapp.Global_Lookup",
		"fields": {
			"category": "Occur_Week",
			"key": "fri",
			"value": "Fri",
			"is_active": "True"
		}
	},
	{
		"pk": "66",
		"model": "commonapp.Global_Lookup",
		"fields": {
			"category": "Occur_Week",
			"key": "sat",
			"value": "Sat",
			"is_active": "True"
		}
	},
	{
        "pk": "67",
        "model": "commonapp.Global_Lookup",
        "fields": {
          "category": "Meter_Type",
          "key": "smart",
          "value": "Smart",
          "is_active": "True"
        }
	},
	{
        "pk": "68",
        "model": "commonapp.Global_Lookup",
        "fields": {
          "category": "Meter_Type",
          "key": "photo",
          "value": "Photo",
          "is_active": "True"
        }
    },
	{
		"pk": "69",
		"model": "commonapp.Global_Lookup",
		"fields": {
		  "category": "Consumer_Category",
		  "key": "domestic",
		  "value": "Domestic",
		  "is_active": "True"
		}
	},
	{
		"pk": "70",
		"model": "commonapp.Global_Lookup",
		"fields": {
		  "category": "Consumer_Category",
		  "key": "industrial",
		  "value": "Industrial",
		  "is_active": "True"
		}
	}
]