[
  {
    "pk": "1",
    "model": "tenant.TenantMaster",
    "fields": {
      "name": "MNGL",
      "email_id": "info@mngl.in",
      "mobile_no": 18002662696,
      "tenant_country_id": 3,
      "tenant_state_id": 1,
      "is_active": "True"
    }
  },

  {
    "pk": "1",
    "model": "utility.UtilityMaster",
    "fields": {
      "tenant": 1,
      "short_name": "MNGL Nashik",
      "name": "MNGL Nashik",
      "phone_no": 7865433289,
      "email_id": "nashikgas@mngl.com",
      "pan_no":"ASDFG5671H",
      "tax_id":1234,
      "address":"P. NO.19 , LOTUS ENCLAVE Nashik",
      "is_active": "True",
      "company_id": 1001
    }
  },
  {
      "pk": "1",
      "model": "commonapp.Region",
      "fields": {
          "key":"NORTHAMERICA",
        "name": "North America",
        "is_active": "True"
      }
    },
    {
      "pk": "2",
      "model": "commonapp.Region",
      "fields": {
          "key":"EUROPE",
        "name": "Europe",
        "is_active": "True"
      }
    },
    {
      "pk": "3",
      "model": "commonapp.Region",
      "fields": {
          "key":"ASIA",
        "name": "Asia",
        "is_active": "True"
      }
    },
    {
      "pk": "4",
      "model": "commonapp.Region",
      "fields": {
          "key":"AFRICA",
        "name": "Africa",
        "is_active": "True"
      }
    },
    {
      "pk": "5",
      "model": "commonapp.Region",
      "fields": {
          "key":"ANTARTICA",
        "name": "Antartica",
        "is_active": "True"
      }
    },
     {
      "pk": "6",
      "model": "commonapp.Region",
      "fields": {
          "key":"AUSTRALIA",
        "name": "Australia",
        "is_active": "True"
      }
    },
     {
      "pk": "7",
      "model": "commonapp.Region",
      "fields": {
          "key":"SOUTHAMERICA",
        "name": "South America",
        "is_active": "True"
      }
    },
  {
      "pk": "1",
      "model": "commonapp.Module",
      "fields": {
        "key" : "CX",
        "name": "CX",
        "short_desc":"Customer Experience",
        "long_desc":"Get rid of time-consuming manual processes, reduce customer complaints and enjoy serving your customers",
        "is_active": "True"
      }
    },
    {
      "pk": "2",
      "model": "commonapp.Module",
      "fields": {
          "key" : "MX",
        "name": "MX",
        "short_desc":"Meter Data",
        "long_desc":"Build efficient meter data management program, integration of smart meters. Reduce leakages",
        "is_active": "True"
      }
    },
    {
      "pk": "3",
      "model": "commonapp.Module",
      "fields": {
          "key" : "BX",
        "name": "BX",
        "short_desc":"Billing & Collections",
        "long_desc":"Manage complex billing process, rate changes, error handling, & integration with finance with ease",
        "is_active": "True"
      }
    },
    {
      "pk": "4",
      "model": "commonapp.Module",
      "fields": {
          "key" : "WX",
        "name": "WX",
        "short_desc":"Work-force Automation",
        "long_desc":"Integrated workforce & Work order management powered by maps and mobile",
        "is_active": "True"
      }
    },
    {
      "pk": "5",
      "model": "commonapp.Module",
      "fields": {
          "key" : "AX",
        "name": "AX",
        "short_desc":"Asset & Network",
        "long_desc":"SOP automation & Intelligent maintenance helps you to mange assets & network efficiently",
        "is_active": "True"
      }
    },
    {
      "pk": "6",
      "model": "commonapp.Module",
      "fields": {
          "key" : "SX",
        "name": "SX",
        "short_desc":"Purchase & Inventory",
        "long_desc":"Standardize Purchase, Contracts & Spend workflows. Integrated inventory helps you to manage your materials with ease",
        "is_active": "True"
      }
    },
    {
      "pk": "7",
      "model": "commonapp.Module",
      "fields": {
        "key" : "USER",
        "name": "USER",
        "short_desc":"Roles & Privilege",
        "is_active": "True"
      }
    },
    {
      "pk": "8",
      "model": "commonapp.Module",
      "fields": {
        "key" : "ADMIN",
        "name": "ADMIN",
        "short_desc":"Configuration",
        "is_active": "True"
      }
    },
    {
      "pk": "9",
      "model": "commonapp.Module",
      "fields": {
          "key" : "REPORT",
        "name": "REPORT",
        "short_desc":"AI & Analytics",
        "is_active": "True"
      }
    },
    {
      "pk": "10",
      "model": "commonapp.Module",
      "fields": {
          "key" : "DEMOM",
        "name": "DemoM",
        "is_active": "True"
      }
    },
    
    {
      "pk": "1",
      "model": "commonapp.SubModule",
      "fields": {
        "module_id": 1,
        "key" : "DASHBOARD",
        "name": "Dashboard",
        "is_active": "True"
      }
    },
    {
      "pk": "2",
      "model": "commonapp.SubModule",
      "fields": {
        "module_id": 1,
        "key" : "CARE",
        "name": "Care",
        "is_active": "True"
      }
    },
    {
      "pk": "3",
      "model": "commonapp.SubModule",
      "fields": {
        "module_id": 1,
        "key" : "CX_SERVICE",
        "name": "Consumer Service",
        "is_active": "True"
      }
    },
    {
      "pk": "4",
      "model": "commonapp.SubModule",
      "fields": {
        "module_id": 2,
        "key" : "DASHBOARD",
        "name": "Dashboard",
        "is_active": "True"
      }
    },
    {
      "pk": "5",
      "model": "commonapp.SubModule",
      "fields": {
        "module_id": 2,
        "key" : "SCHEDULE",
        "name": "Schedule",
        "is_active": "True"
      }
    },
    {
      "pk": "6",
      "model": "commonapp.SubModule",
      "fields": {
        "module_id": 2,
        "key" : "DISPATCH",
        "name": "Dispatch",
        "is_active": "True"
      }
    },
    {
      "pk": "7",
      "model": "commonapp.SubModule",
      "fields": {
        "module_id": 2,
        "key" : "VALIDATION",
        "name": "Validation",
        "is_active": "True"
      }
    },
    {
      "pk": "8",
      "model": "commonapp.SubModule",
      "fields": {
        "module_id": 2,
        "key" : "UPLOAD",
        "name": "Upload",
        "is_active": "True"
      }
    },
    {
      "pk": "9",
      "model": "commonapp.SubModule",
      "fields": {
        "module_id": 2,
        "key" : "SMART_METER",
        "name": "Smart Meter",
        "is_active": "True"
      }
    },
    {
      "pk": "10",
      "model": "commonapp.SubModule",
      "fields": {
        "module_id": 3,
        "key" : "DASHBOARD",
        "name": "Dashboard",
        "is_active": "True"
      }
    },
    {
      "pk": "11",
      "model": "commonapp.SubModule",
      "fields": {
        "module_id": 3,
        "key" : "SCHEDULE",
        "name": "Schedule",
        "is_active": "True"
      }
    },
    {
      "pk": "12",
      "model": "commonapp.SubModule",
      "fields": {
        "module_id": 3,
        "key" : "BILLING",
        "name": "Billing",
        "is_active": "True"
      }
    },
    {
      "pk": "13",
      "model": "commonapp.SubModule",
      "fields": {
        "module_id": 3,
        "key" : "PAYMENT",
        "name": "Payment",
        "is_active": "True"
      }
    },
    {
      "pk": "14",
      "model": "commonapp.SubModule",
      "fields": {
        "module_id": 4,
        "key" : "DASHBOARD",
        "name": "Dashboard",
        "is_active": "True"
      }
    },
    {
      "pk": "15",
      "model": "commonapp.SubModule",
      "fields": {
        "module_id": 4,
        "key" : "DISPATCHER",
        "name": "Dispatcher",
        "is_active": "True"
      }
    },
    {
      "pk": "16",
      "model": "commonapp.SubModule",
      "fields": {
        "module_id": 5,
        "key" : "DASHBOARD",
        "name": "Dashboard",
        "is_active": "True"
      }
    },
    {
      "pk": "17",
      "model": "commonapp.SubModule",
      "fields": {
        "module_id": 5,
        "key" : "AX_ASSET",
        "name": "Asset",
        "is_active": "True"
      }
    },
    {
      "pk": "18",
      "model": "commonapp.SubModule",
      "fields": {
        "module_id": 5,
        "key" : "CONTRACT",
        "name": "Contract",
        "is_active": "True"
      }
    },
    {
      "pk": "19",
      "model": "commonapp.SubModule",
      "fields": {
        "module_id": 5,
        "key" : "SUPPLIER",
        "name": "Supplier",
        "is_active": "True"
      }
    },
    {
      "pk": "20",
      "model": "commonapp.SubModule",
      "fields": {
        "module_id": 6,
        "key" : "DASHBOARD",
        "name": "Dashboard",
        "is_active": "True"
      }
    },
    {
      "pk": "21",
      "model": "commonapp.SubModule",
      "fields": {
        "module_id": 6,
        "key" : "REQUEST",
        "name": "Request",
        "is_active": "True"
      }
    },
    {
      "pk": "22",
      "model": "commonapp.SubModule",
      "fields": {
        "module_id": 6,
        "key" : "STORE",
        "name": "Store",
        "is_active": "True"
      }
    },
    {
      "pk": "23",
      "model": "commonapp.SubModule",
      "fields": {
        "module_id": 6,
        "key" : "TENDER",
        "name": "Tender",
        "is_active": "True"
      }
    },

    {
      "pk": "24",
      "model": "commonapp.SubModule",
      "fields": {
        "module_id": 6,
        "key" : "PRODUCT",
        "name": "Product",
        "is_active": "True"
      }
    },
    {
      "pk": "25",
      "model": "commonapp.SubModule",
      "fields": {
        "module_id": 6,
        "key" : "SX_SERVICE",
        "name": "Vendor Service",
        "is_active": "True"
      }
    },
    {
      "pk": "26",
      "model": "commonapp.SubModule",
      "fields": {
        "module_id": 6,
        "key" : "ORDER",
        "name": "Order",
        "is_active": "True"
      }
    },
    {
      "pk": "27",
      "model": "commonapp.SubModule",
      "fields": {
        "module_id": 6,
        "key" : "CONTRACT",
        "name": "Contract",
        "is_active": "True"
      }
    },
    {
      "pk": "28",
      "model": "commonapp.SubModule",
      "fields": {
        "module_id": 6,
        "key" : "SUPPLIER",
        "name": "Supplier",
        "is_active": "True"
      }
    },

    {
      "pk": "29",
      "model": "commonapp.SubModule",
      "fields": {
        "module_id": 7,
        "key" : "DASHBOARD",
        "name": "Dashboard",
        "is_active": "True"
      }
    },
    {
      "pk": "30",
      "model": "commonapp.SubModule",
      "fields": {
        "module_id": 7,
        "key" : "ROLE",
        "name": "Role",
        "is_active": "True"
      }
    },
    {
      "pk": "31",
      "model": "commonapp.SubModule",
      "fields": {
        "module_id": 7,
        "key" : "USER",
        "name": "User",
        "is_active": "True"
      }
    },  

    {
      "pk": "32",
      "model": "commonapp.SubModule",
      "fields": {
        "module_id": 8,
        "key" : "UTILITY_MASTER",
        "name": "Utility Master",
        "is_active": "True"
      }
    },
    {
      "pk": "33",
      "model": "commonapp.SubModule",
      "fields": {
        "module_id": 8,
        "key" : "SYSTEM_CONFIGURATION",
        "name": "System Configuration",
        "is_active": "True"
      }
    },
    {
      "pk": "34",
      "model": "commonapp.SubModule",
      "fields": {
        "module_id": 10,
        "key" : "DEMOSM",
        "name": "DemoSM",
        "is_active": "True"
      }
    },
    {
      "pk": "1",
      "model": "userapp.Privilege",
      "fields": {
        "key":"VIEW",
        "name": "View",
        "is_active": "True"
      }
    },
    {
      "pk": "2",
      "model": "userapp.Privilege",
      "fields": {
        "key":"EDIT",
        "name": "Edit",
        "is_active": "True"
      }
    },
    {
      "pk": "1",
      "model": "userapp.RoleType",
      "fields": {
        "tenant": 1,
        "utility": 1,
        "key":"TENANT",
        "name": "Tenant",
        "is_active": "True"
      }
    },
    {
      "pk": "2",
      "model": "userapp.RoleType",
      "fields": {
        "tenant": 1,
        "utility": 1,
        "key":"UTILITY",
        "name": "Utility",
        "is_active": "True"
      }
    },
    {
      "pk": "1",
      "model": "userapp.RoleSubType",
      "fields": {
        "tenant": 1,
        "utility": 1,
        "key":"EMPLOYEE",
        "name": "employee",
        "role_type_id": 2,
        "is_active": "True"
      }
    },
    {
      "pk": "2",
      "model": "userapp.RoleSubType",
      "fields": {
        "tenant": 1,
        "utility": 1,
        "key":"VENDOR",
        "name": "vendor",
        "role_type_id": 2,
        "is_active": "True"
      }
    },
    {
      "pk": "3",
      "model": "userapp.RoleSubType",
      "fields": {
        "tenant": 1,
        "utility": 1,
        "key":"EMPLOYEE",
        "name": "employee",
        "role_type_id": 1,
        "is_active": "True"
      }
    },
    {
      "pk": "4",
      "model": "userapp.RoleSubType",
      "fields": {
        "tenant": 1,
        "utility": 1,
        "key":"VENDOR",
        "name": "vendor",
        "role_type_id": 1,
        "is_active": "True"
      }
    },
    {
      "pk": "1",
      "model": "commonapp.Department",
      "fields": {
        "name": "S&M",
        "is_active": "True"
      }
    },
    {
      "pk": "2",
      "model": "commonapp.Department",
      "fields": {
        "name": "Consumer care",
        "is_active": "True"
      }
    },
    {
      "pk": "3",
      "model": "commonapp.Department",
      "fields": {
        "name": "Consumer Ops",
        "is_active": "True"
      }
    },
    {
      "pk": "4",
      "model": "commonapp.Department",
      "fields": {
        "name": "HR",
        "is_active": "True"
      }
    },
    {
      "pk": "1",
      "model": "commonapp.FormFactor",
      "fields": {
        "tenant": 1,
        "utility": 1,
        "name": "Web",
        "is_active": "True"
      }
    },
    {
      "pk": "2",
      "model": "commonapp.FormFactor",
      "fields": {
        "tenant": 1,
        "utility": 1,
        "name": "Mobile",
        "is_active": "True"
      }
    },
    {
      "pk": "1",
      "model": "userapp.Role",
      "fields": {
        "tenant": 1,
        "utility": 1,
        "type_id":1,
        "sub_type_id":1,
        "form_factor_id":1,
        "department_id":1,
        "role_ID":"Role_1",
        "role": "CXO",
        "is_active": "True"
      }
    },
    {
      "pk": "2",
      "model": "userapp.Role",
      "fields": {
        "tenant": 1,
        "utility": 1,
        "type_id":1,
        "sub_type_id":1,
        "form_factor_id":1,
        "department_id":1,
        "role_ID":"Role_2",
        "role": "Tenant Admin",
        "is_active": "True"
      }
    },
    {
      "pk": "3",
      "model": "userapp.Role",
      "fields": {
        "tenant": 1,
        "utility": 1,
        "type_id":1,
        "sub_type_id":1,
        "form_factor_id":1,
        "department_id":1,
        "role_ID":"Role_3",
        "role": "Utility Admin",
        "is_active": "True"
      }
    },
    {
      "pk": "4",
      "model": "userapp.Role",
      "fields": {
        "tenant": 1,
        "utility": 1,
        "type_id":2,
        "sub_type_id":2,
        "form_factor_id":1,
        "department_id":2,
        "role_ID":"Role_4",
        "role": "HOD",
        "is_active": "True"
      }
    },

    {
      "pk": "5",
      "model": "userapp.Role",
      "fields": {
        "tenant": 1,
        "utility": 1,
        "type_id":1,
        "sub_type_id":4,
        "form_factor_id":1,
        "department_id":1,
        "role_ID":"Role_8",
        "role": "Utility Admin",
        "is_active": "True"
      }
    },
    {
      "pk": "6",
      "model": "userapp.Role",
      "fields": {
        "tenant": 1,
        "utility": 1,
        "type_id":1,
        "sub_type_id":4,
        "form_factor_id":1,
        "department_id":1,
        "role_ID":"Super_Admin",
        "role": "Super Admin",
        "is_active": "True"
      }
    },
    {
      "pk": "1",
      "model": "userapp.RolePrivilege",
      "fields": {
        "tenant": 1,
        "utility": 1,
        "role_id": 1,
        "module_id": 1,
        "sub_module_id": 1,
        "privilege_id": 1,
        "is_active": "True"
      }
    },
    {
      "pk": "2",
      "model": "userapp.RolePrivilege",
      "fields": {
        "tenant": 1,
        "utility": 1,
        "role_id": 1,
        "module_id": 1,
        "sub_module_id": 5,
        "privilege_id": 2,
        "is_active": "True"
      }
    },
    {
      "pk": "3",
      "model": "userapp.RolePrivilege",
      "fields": {
        "tenant": 1,
        "utility": 1,
        "role_id": 1,
        "module_id": 1,
        "sub_module_id": 6,
        "privilege_id": 1,
        "is_active": "True"
      }
    },
    {
      "pk": "4",
      "model": "userapp.RolePrivilege",
      "fields": {
        "tenant": 1,
        "utility": 1,
        "role_id": 1,
        "module_id": 2,
        "sub_module_id": 9,
        "privilege_id": 2,
        "is_active": "True"
      }
    },

    {
      "pk": "5",
      "model": "userapp.RolePrivilege",
      "fields": {
        "tenant": 1,
        "utility": 1,
        "role_id": 2,
        "module_id": 1,
        "sub_module_id": 1,
        "privilege_id": 2,
        "is_active": "True"
      }
    },
    {
      "pk": "6",
      "model": "userapp.RolePrivilege",
      "fields": {
        "tenant": 1,
        "utility": 1,
        "role_id": 2,
        "module_id": 1,
        "sub_module_id": 2,
        "privilege_id": 2,
        "is_active": "True"
      }
    },
    {
      "pk": "7",
      "model": "userapp.RolePrivilege",
      "fields": {
        "tenant": 1,
        "utility": 1,
        "role_id": 2,
        "module_id": 1,
        "sub_module_id": 3,
        "privilege_id": 2,
        "is_active": "True"
      }
    },
    {
      "pk": "8",
      "model": "userapp.RolePrivilege",
      "fields": {
        "tenant": 1,
        "utility": 1,
        "role_id": 2,
        "module_id": 2,
        "sub_module_id": 4,
        "privilege_id": 2,
        "is_active": "True"
      }
    },
    {
      "pk": "9",
      "model": "userapp.RolePrivilege",
      "fields": {
        "tenant": 1,
        "utility": 1,
        "role_id": 2,
        "module_id": 2,
        "sub_module_id": 5,
        "privilege_id": 2,
        "is_active": "True"
      }
    },
    {
      "pk": "10",
      "model": "userapp.RolePrivilege",
      "fields": {
        "tenant": 1,
        "utility": 1,
        "role_id": 2,
        "module_id": 2,
        "sub_module_id": 6,
        "privilege_id": 2,
        "is_active": "True"
      }
    },
    {
      "pk": "11",
      "model": "userapp.RolePrivilege",
      "fields": {
        "tenant": 1,
        "utility": 1,
        "role_id": 2,
        "module_id": 2,
        "sub_module_id": 7,
        "privilege_id": 2,
        "is_active": "True"
      }
    },
    {
      "pk": "12",
      "model": "userapp.RolePrivilege",
      "fields": {
        "tenant": 1,
        "utility": 1,
        "role_id": 2,
        "module_id": 2,
        "sub_module_id": 8,
        "privilege_id": 2,
        "is_active": "True"
      }
    },
    {
      "pk": "13",
      "model": "userapp.RolePrivilege",
      "fields": {
        "tenant": 1,
        "utility": 1,
        "role_id": 2,
        "module_id": 2,
        "sub_module_id": 9,
        "privilege_id": 2,
        "is_active": "True"
      }
    },
    {
      "pk": "14",
      "model": "userapp.RolePrivilege",
      "fields": {
        "tenant": 1,
        "utility": 1,
        "role_id": 2,
        "module_id": 3,
        "sub_module_id": 10,
        "privilege_id": 2,
        "is_active": "True"
      }
    },
    {
      "pk": "15",
      "model": "userapp.RolePrivilege",
      "fields": {
        "tenant": 1,
        "utility": 1,
        "role_id": 2,
        "module_id": 3,
        "sub_module_id": 11,
        "privilege_id": 2,
        "is_active": "True"
      }
    },
    {
      "pk": "16",
      "model": "userapp.RolePrivilege",
      "fields": {
        "tenant": 1,
        "utility": 1,
        "role_id": 2,
        "module_id": 3,
        "sub_module_id": 12,
        "privilege_id": 2,
        "is_active": "True"
      }
    },
    {
      "pk": "17",
      "model": "userapp.RolePrivilege",
      "fields": {
        "tenant": 1,
        "utility": 1,
        "role_id": 2,
        "module_id": 3,
        "sub_module_id": 13,
        "privilege_id": 2,
        "is_active": "True"
      }
    },
    {
      "pk": "18",
      "model": "userapp.RolePrivilege",
      "fields": {
        "tenant": 1,
        "utility": 1,
        "role_id": 2,
        "module_id": 8,
        "sub_module_id": 32,
        "privilege_id": 2,
        "is_active": "True"
      }
    },
    {
      "pk": "19",
      "model": "userapp.RolePrivilege",
      "fields": {
        "tenant": 1,
        "utility": 1,
        "role_id": 2,
        "module_id": 8,
        "sub_module_id": 33,
        "privilege_id": 2,
        "is_active": "True"
      }
    },
    {
      "pk": "20",
      "model": "userapp.RolePrivilege",
      "fields": {
        "tenant": 1,
        "utility": 1,
        "role_id": 2,
        "module_id": 3,
        "sub_module_id": 16,
        "privilege_id": 2,
        "is_active": "True"
      }
    },
    {
      "pk": "21",
      "model": "userapp.RolePrivilege",
      "fields": {
        "tenant": 1,
        "utility": 1,
        "role_id": 2,
        "module_id": 3,
        "sub_module_id": 17,
        "privilege_id": 2,
        "is_active": "True"
      }
    },
    {
      "pk": "22",
      "model": "userapp.RolePrivilege",
      "fields": {
        "tenant": 1,
        "utility": 1,
        "role_id": 2,
        "module_id": 3,
        "sub_module_id": 18,
        "privilege_id": 2,
        "is_active": "True"
      }
    },
    {
      "pk": "23",
      "model": "userapp.RolePrivilege",
      "fields": {
        "tenant": 1,
        "utility": 1,
        "role_id": 2,
        "module_id": 3,
        "sub_module_id": 19,
        "privilege_id": 2,
        "is_active": "True"
      }
    },
    {
      "pk": "24",
      "model": "userapp.RolePrivilege",
      "fields": {
        "tenant": 1,
        "utility": 1,
        "role_id": 2,
        "module_id": 3,
        "sub_module_id": 20,
        "privilege_id": 2,
        "is_active": "True"
      }
    },
    {
      "pk": "25",
      "model": "userapp.RolePrivilege",
      "fields": {
        "tenant": 1,
        "utility": 1,
        "role_id": 2,
        "module_id": 3,
        "sub_module_id": 21,
        "privilege_id": 2,
        "is_active": "True"
      }
    },
    {
      "pk": "26",
      "model": "userapp.RolePrivilege",
      "fields": {
        "tenant": 1,
        "utility": 1,
        "role_id": 2,
        "module_id": 3,
        "sub_module_id": 22,
        "privilege_id": 2,
        "is_active": "True"
      }
    },
    {
      "pk": "27",
      "model": "userapp.RolePrivilege",
      "fields": {
        "tenant": 1,
        "utility": 1,
        "role_id": 2,
        "module_id": 3,
        "sub_module_id": 23,
        "privilege_id": 2,
        "is_active": "True"
      }
    },
    {
      "pk": "28",
      "model": "userapp.RolePrivilege",
      "fields": {
        "tenant": 1,
        "utility": 1,
        "role_id": 2,
        "module_id": 3,
        "sub_module_id": 24,
        "privilege_id": 2,
        "is_active": "True"
      }
    },
    {
      "pk": "29",
      "model": "userapp.RolePrivilege",
      "fields": {
        "tenant": 1,
        "utility": 1,
        "role_id": 2,
        "module_id": 3,
        "sub_module_id": 25,
        "privilege_id": 1,
        "is_active": "True"
      }
    },
    {
      "pk": "30",
      "model": "userapp.RolePrivilege",
      "fields": {
        "tenant": 1,
        "utility": 1,
        "role_id": 2,
        "module_id": 10,
        "sub_module_id": 26,
        "privilege_id": 2,
        "is_active": "True"
      }
    },
    {
      "pk": "31",
      "model": "userapp.RolePrivilege",
      "fields": {
        "tenant": 1,
        "utility": 1,
        "role_id": 2,
        "module_id": 10,
        "sub_module_id": 27,
        "privilege_id": 2,
        "is_active": "True"
      }
    },
    {
      "pk": "32",
      "model": "userapp.RolePrivilege",
      "fields": {
        "tenant": 1,
        "utility": 1,
        "role_id": 2,
        "module_id": 10,
        "sub_module_id": 28,
        "privilege_id": 2,
        "is_active": "True"
      }
    },

    {
      "pk": "33",
      "model": "userapp.RolePrivilege",
      "fields": {
        "tenant": 1,
        "utility": 1,
        "role_id": 3,
        "module_id": 1,
        "sub_module_id": 1,
        "privilege_id": 2,
        "is_active": "True"
      }
    },
    {
      "pk": "34",
      "model": "userapp.RolePrivilege",
      "fields": {
        "tenant": 1,
        "utility": 1,
        "role_id": 3,
        "module_id": 1,
        "sub_module_id": 2,
        "privilege_id": 2,
        "is_active": "True"
      }
    },
    {
      "pk": "35",
      "model": "userapp.RolePrivilege",
      "fields": {
        "tenant": 1,
        "utility": 1,
        "role_id": 3,
        "module_id": 1,
        "sub_module_id": 3,
        "privilege_id": 2,
        "is_active": "True"
      }
    },
    {
      "pk": "36",
      "model": "userapp.RolePrivilege",
      "fields": {
        "tenant": 1,
        "utility": 1,
        "role_id": 3,
        "module_id": 1,
        "sub_module_id": 4,
        "privilege_id": 2,
        "is_active": "True"
      }
    },
    {
      "pk": "37",
      "model": "userapp.RolePrivilege",
      "fields": {
        "tenant": 1,
        "utility": 1,
        "role_id": 3,
        "module_id": 1,
        "sub_module_id": 5,
        "privilege_id": 2,
        "is_active": "True"
      }
    },
    {
      "pk": "38",
      "model": "userapp.RolePrivilege",
      "fields": {
        "tenant": 1,
        "utility": 1,
        "role_id": 3,
        "module_id": 1,
        "sub_module_id": 6,
        "privilege_id": 2,
        "is_active": "True"
      }
    },
    {
      "pk": "39",
      "model": "userapp.RolePrivilege",
      "fields": {
        "tenant": 1,
        "utility": 1,
        "role_id": 3,
        "module_id": 1,
        "sub_module_id": 7,
        "privilege_id": 2,
        "is_active": "True"
      }
    },
    {
      "pk": "40",
      "model": "userapp.RolePrivilege",
      "fields": {
        "tenant": 1,
        "utility": 1,
        "role_id": 3,
        "module_id": 1,
        "sub_module_id": 8,
        "privilege_id": 2,
        "is_active": "True"
      }
    },
    {
      "pk": "41",
      "model": "userapp.RolePrivilege",
      "fields": {
        "tenant": 1,
        "utility": 1,
        "role_id": 3,
        "module_id": 2,
        "sub_module_id": 9,
        "privilege_id": 2,
        "is_active": "True"
      }
    },
    {
      "pk": "42",
      "model": "userapp.RolePrivilege",
      "fields": {
        "tenant": 1,
        "utility": 1,
        "role_id": 3,
        "module_id": 2,
        "sub_module_id": 10,
        "privilege_id": 2,
        "is_active": "True"
      }
    },
    {
      "pk": "43",
      "model": "userapp.RolePrivilege",
      "fields": {
        "tenant": 1,
        "utility": 1,
        "role_id": 3,
        "module_id": 2,
        "sub_module_id": 11,
        "privilege_id": 2,
        "is_active": "True"
      }
    },
    {
      "pk": "44",
      "model": "userapp.RolePrivilege",
      "fields": {
        "tenant": 1,
        "utility": 1,
        "role_id": 3,
        "module_id": 2,
        "sub_module_id": 12,
        "privilege_id": 2,
        "is_active": "True"
      }
    },
    {
      "pk": "45",
      "model": "userapp.RolePrivilege",
      "fields": {
        "tenant": 1,
        "utility": 1,
        "role_id": 3,
        "module_id": 2,
        "sub_module_id": 13,
        "privilege_id": 2,
        "is_active": "True"
      }
    },
    {
      "pk": "46",
      "model": "userapp.RolePrivilege",
      "fields": {
        "tenant": 1,
        "utility": 1,
        "role_id": 3,
        "module_id": 2,
        "sub_module_id": 14,
        "privilege_id": 2,
        "is_active": "True"
      }
    },
    {
      "pk": "47",
      "model": "userapp.RolePrivilege",
      "fields": {
        "tenant": 1,
        "utility": 1,
        "role_id": 3,
        "module_id": 3,
        "sub_module_id": 15,
        "privilege_id": 2,
        "is_active": "True"
      }
    },
    {
      "pk": "48",
      "model": "userapp.RolePrivilege",
      "fields": {
        "tenant": 1,
        "utility": 1,
        "role_id": 3,
        "module_id": 3,
        "sub_module_id": 16,
        "privilege_id": 2,
        "is_active": "True"
      }
    },
    {
      "pk": "49",
      "model": "userapp.RolePrivilege",
      "fields": {
        "tenant": 1,
        "utility": 1,
        "role_id": 3,
        "module_id": 3,
        "sub_module_id": 17,
        "privilege_id": 2,
        "is_active": "True"
      }
    },
    {
      "pk": "50",
      "model": "userapp.RolePrivilege",
      "fields": {
        "tenant": 1,
        "utility": 1,
        "role_id": 3,
        "module_id": 3,
        "sub_module_id": 18,
        "privilege_id": 2,
        "is_active": "True"
      }
    },
    {
      "pk": "51",
      "model": "userapp.RolePrivilege",
      "fields": {
        "tenant": 1,
        "utility": 1,
        "role_id": 3,
        "module_id": 3,
        "sub_module_id": 19,
        "privilege_id": 2,
        "is_active": "True"
      }
    },
    {
      "pk": "52",
      "model": "userapp.RolePrivilege",
      "fields": {
        "tenant": 1,
        "utility": 1,
        "role_id": 3,
        "module_id": 3,
        "sub_module_id": 20,
        "privilege_id": 2,
        "is_active": "True"
      }
    },
    {
      "pk": "53",
      "model": "userapp.RolePrivilege",
      "fields": {
        "tenant": 1,
        "utility": 1,
        "role_id": 3,
        "module_id": 3,
        "sub_module_id": 21,
        "privilege_id": 2,
        "is_active": "True"
      }
    },
    {
      "pk": "54",
      "model": "userapp.RolePrivilege",
      "fields": {
        "tenant": 1,
        "utility": 1,
        "role_id": 3,
        "module_id": 3,
        "sub_module_id": 22,
        "privilege_id": 2,
        "is_active": "True"
      }
    },
    {
      "pk": "55",
      "model": "userapp.RolePrivilege",
      "fields": {
        "tenant": 1,
        "utility": 1,
        "role_id": 3,
        "module_id": 3,
        "sub_module_id": 23,
        "privilege_id": 2,
        "is_active": "True"
      }
    },
    {
      "pk": "56",
      "model": "userapp.RolePrivilege",
      "fields": {
        "tenant": 1,
        "utility": 1,
        "role_id": 3,
        "module_id": 3,
        "sub_module_id": 24,
        "privilege_id": 2,
        "is_active": "True"
      }
    },
    {
      "pk": "57",
      "model": "userapp.RolePrivilege",
      "fields": {
        "tenant": 1,
        "utility": 1,
        "role_id": 3,
        "module_id": 3,
        "sub_module_id": 25,
        "privilege_id": 1,
        "is_active": "True"
      }
    },
    {
      "pk": "58",
      "model": "userapp.RolePrivilege",
      "fields": {
        "tenant": 1,
        "utility": 1,
        "role_id": 3,
        "module_id": 10,
        "sub_module_id": 26,
        "privilege_id": 2,
        "is_active": "True"
      }
    },
    {
      "pk": "59",
      "model": "userapp.RolePrivilege",
      "fields": {
        "tenant": 1,
        "utility": 1,
        "role_id": 3,
        "module_id": 10,
        "sub_module_id": 27,
        "privilege_id": 2,
        "is_active": "True"
      }
    },
    {
      "pk": "60",
      "model": "userapp.RolePrivilege",
      "fields": {
        "tenant": 1,
        "utility": 1,
        "role_id": 3,
        "module_id": 10,
        "sub_module_id": 28,
        "privilege_id": 2,
        "is_active": "True"
      }
    },

    {
      "pk": "61",
      "model": "userapp.RolePrivilege",
      "fields": {
        "tenant": 1,
        "utility": 1,
        "role_id": 5,
        "module_id": 10,
        "sub_module_id": 27,
        "privilege_id": 2,
        "is_active": "True"
      }
    },
    {
      "pk": "62",
      "model": "userapp.RolePrivilege",
      "fields": {
        "tenant": 1,
        "utility": 1,
        "role_id": 5,
        "module_id": 10,
        "sub_module_id": 28,
        "privilege_id": 2,
        "is_active": "True"
      }
    },

    {
      "pk": "63",
      "model": "userapp.RolePrivilege",
      "fields": {
        "tenant": 1,
        "utility": 1,
        "role_id": 5,
        "module_id": 1,
        "sub_module_id": 1,
        "privilege_id": 2,
        "is_active": "True"
      }
    },
    {
      "pk": "64",
      "model": "userapp.RolePrivilege",
      "fields": {
        "tenant": 1,
        "utility": 1,
        "role_id": 5,
        "module_id": 1,
        "sub_module_id": 2,
        "privilege_id": 2,
        "is_active": "True"
      }
    },
    {
      "pk": "65",
      "model": "userapp.RolePrivilege",
      "fields": {
        "tenant": 1,
        "utility": 1,
        "role_id": 5,
        "module_id": 1,
        "sub_module_id": 3,
        "privilege_id": 2,
        "is_active": "True"
      }
    },
    {
      "pk": "66",
      "model": "userapp.RolePrivilege",
      "fields": {
        "tenant": 1,
        "utility": 1,
        "role_id": 5,
        "module_id": 1,
        "sub_module_id": 4,
        "privilege_id": 2,
        "is_active": "True"
      }
    },
    {
      "pk": "67",
      "model": "userapp.RolePrivilege",
      "fields": {
        "tenant": 1,
        "utility": 1,
        "role_id": 5,
        "module_id": 1,
        "sub_module_id": 5,
        "privilege_id": 2,
        "is_active": "True"
      }
    },
    {
      "pk": "68",
      "model": "userapp.RolePrivilege",
      "fields": {
        "tenant": 1,
        "utility": 1,
        "role_id": 5,
        "module_id": 1,
        "sub_module_id": 6,
        "privilege_id": 2,
        "is_active": "True"
      }
    },
    {
      "pk": "69",
      "model": "userapp.RolePrivilege",
      "fields": {
        "tenant": 1,
        "utility": 1,
        "role_id": 5,
        "module_id": 1,
        "sub_module_id": 7,
        "privilege_id": 2,
        "is_active": "True"
      }
    },
    {
      "pk": "70",
      "model": "userapp.RolePrivilege",
      "fields": {
        "tenant": 1,
        "utility": 1,
        "role_id": 5,
        "module_id": 1,
        "sub_module_id": 8,
        "privilege_id": 2,
        "is_active": "True"
      }
    },
    {
      "pk": "71",
      "model": "userapp.RolePrivilege",
      "fields": {
        "tenant": 1,
        "utility": 1,
        "role_id": 5,
        "module_id": 2,
        "sub_module_id": 9,
        "privilege_id": 2,
        "is_active": "True"
      }
    },
    {
      "pk": "72",
      "model": "userapp.RolePrivilege",
      "fields": {
        "tenant": 1,
        "utility": 1,
        "role_id": 5,
        "module_id": 2,
        "sub_module_id": 10,
        "privilege_id": 2,
        "is_active": "True"
      }
    },
    {
      "pk": "73",
      "model": "userapp.RolePrivilege",
      "fields": {
        "tenant": 1,
        "utility": 1,
        "role_id": 5,
        "module_id": 2,
        "sub_module_id": 11,
        "privilege_id": 2,
        "is_active": "True"
      }
    },
    {
      "pk": "74",
      "model": "userapp.RolePrivilege",
      "fields": {
        "tenant": 1,
        "utility": 1,
        "role_id": 5,
        "module_id": 2,
        "sub_module_id": 12,
        "privilege_id": 2,
        "is_active": "True"
      }
    },
    {
      "pk": "75",
      "model": "userapp.RolePrivilege",
      "fields": {
        "tenant": 1,
        "utility": 1,
        "role_id": 5,
        "module_id": 2,
        "sub_module_id": 13,
        "privilege_id": 2,
        "is_active": "True"
      }
    },
    {
      "pk": "76",
      "model": "userapp.RolePrivilege",
      "fields": {
        "tenant": 1,
        "utility": 1,
        "role_id": 5,
        "module_id": 2,
        "sub_module_id": 14,
        "privilege_id": 2,
        "is_active": "True"
      }
    },
    {
      "pk": "77",
      "model": "userapp.RolePrivilege",
      "fields": {
        "tenant": 1,
        "utility": 1,
        "role_id": 5,
        "module_id": 3,
        "sub_module_id": 15,
        "privilege_id": 2,
        "is_active": "True"
      }
    },
    {
      "pk": "78",
      "model": "userapp.RolePrivilege",
      "fields": {
        "tenant": 1,
        "utility": 1,
        "role_id": 5,
        "module_id": 3,
        "sub_module_id": 16,
        "privilege_id": 2,
        "is_active": "True"
      }
    },
    {
      "pk": "79",
      "model": "userapp.RolePrivilege",
      "fields": {
        "tenant": 1,
        "utility": 1,
        "role_id": 5,
        "module_id": 3,
        "sub_module_id": 17,
        "privilege_id": 2,
        "is_active": "True"
      }
    },
    {
      "pk": "80",
      "model": "userapp.RolePrivilege",
      "fields": {
        "tenant": 1,
        "utility": 1,
        "role_id": 5,
        "module_id": 3,
        "sub_module_id": 18,
        "privilege_id": 2,
        "is_active": "True"
      }
    },
    {
      "pk": "81",
      "model": "userapp.RolePrivilege",
      "fields": {
        "tenant": 1,
        "utility": 1,
        "role_id": 5,
        "module_id": 3,
        "sub_module_id": 19,
        "privilege_id": 2,
        "is_active": "True"
      }
    },
    {
      "pk": "82",
      "model": "userapp.RolePrivilege",
      "fields": {
        "tenant": 1,
        "utility": 1,
        "role_id": 5,
        "module_id": 3,
        "sub_module_id": 20,
        "privilege_id": 2,
        "is_active": "True"
      }
    },
    {
      "pk": "83",
      "model": "userapp.RolePrivilege",
      "fields": {
        "tenant": 1,
        "utility": 1,
        "role_id": 5,
        "module_id": 3,
        "sub_module_id": 21,
        "privilege_id": 2,
        "is_active": "True"
      }
    },
    {
      "pk": "84",
      "model": "userapp.RolePrivilege",
      "fields": {
        "tenant": 1,
        "utility": 1,
        "role_id": 5,
        "module_id": 3,
        "sub_module_id": 22,
        "privilege_id": 2,
        "is_active": "True"
      }
    },
    {
      "pk": "85",
      "model": "userapp.RolePrivilege",
      "fields": {
        "tenant": 1,
        "utility": 1,
        "role_id": 5,
        "module_id": 3,
        "sub_module_id": 23,
        "privilege_id": 2,
        "is_active": "True"
      }
    },
    {
      "pk": "86",
      "model": "userapp.RolePrivilege",
      "fields": {
        "tenant": 1,
        "utility": 1,
        "role_id": 5,
        "module_id": 3,
        "sub_module_id": 24,
        "privilege_id": 2,
        "is_active": "True"
      }
    },
    {
      "pk": "87",
      "model": "userapp.RolePrivilege",
      "fields": {
        "tenant": 1,
        "utility": 1,
        "role_id": 5,
        "module_id": 3,
        "sub_module_id": 25,
        "privilege_id": 1,
        "is_active": "True"
      }
    },
    {
      "pk": "88",
      "model": "userapp.RolePrivilege",
      "fields": {
        "tenant": 1,
        "utility": 1,
        "role_id": 5,
        "module_id": 10,
        "sub_module_id": 26,
        "privilege_id": 2,
        "is_active": "True"
      }
    },
    {
      "pk": "89",
      "model": "userapp.RolePrivilege",
      "fields": {
        "tenant": 1,
        "utility": 1,
        "role_id": 5,
        "module_id": 2,
        "sub_module_id": 1,
        "privilege_id": 1,
        "is_active": "True"
      }
    },
    {
      "pk": "90",
      "model": "userapp.RolePrivilege",
      "fields": {
        "tenant": 1,
        "utility": 1,
        "role_id": 2,
        "module_id": 2,
        "sub_module_id": 1,
        "privilege_id": 2,
        "is_active": "True"
      }
    },
    {
      "pk": "91",
      "model": "userapp.RolePrivilege",
      "fields": {
        "tenant": 1,
        "utility": 1,
        "role_id": 4,
        "module_id": 1,
        "sub_module_id": 1,
        "privilege_id": 2,
        "is_active": "True"
      }
    },
    {
      "pk": "92",
      "model": "userapp.RolePrivilege",
      "fields": {
        "tenant": 1,
        "utility": 1,
        "role_id": 4,
        "module_id": 1,
        "sub_module_id": 2,
        "privilege_id": 2,
        "is_active": "True"
      }
    },
    {
      "pk": "93",
      "model": "userapp.RolePrivilege",
      "fields": {
        "tenant": 1,
        "utility": 1,
        "role_id": 4,
        "module_id": 1,
        "sub_module_id": 3,
        "privilege_id": 2,
        "is_active": "True"
      }
    },
    {
      "pk": "94",
      "model": "userapp.RolePrivilege",
      "fields": {
        "tenant": 1,
        "utility": 1,
        "role_id": 4,
        "module_id": 1,
        "sub_module_id": 4,
        "privilege_id": 2,
        "is_active": "True"
      }
    },
    {
      "pk": "95",
      "model": "userapp.RolePrivilege",
      "fields": {
        "tenant": 1,
        "utility": 1,
        "role_id": 4,
        "module_id": 1,
        "sub_module_id": 5,
        "privilege_id": 2,
        "is_active": "True"
      }
    },
    {
      "pk": "96",
      "model": "userapp.RolePrivilege",
      "fields": {
        "tenant": 1,
        "utility": 1,
        "role_id": 4,
        "module_id": 1,
        "sub_module_id": 6,
        "privilege_id": 2,
        "is_active": "True"
      }
    },
    {
      "pk": "97",
      "model": "userapp.RolePrivilege",
      "fields": {
        "tenant": 1,
        "utility": 1,
        "role_id": 4,
        "module_id": 1,
        "sub_module_id": 7,
        "privilege_id": 2,
        "is_active": "True"
      }
    },
    {
      "pk": "98",
      "model": "userapp.RolePrivilege",
      "fields": {
        "tenant": 1,
        "utility": 1,
        "role_id": 4,
        "module_id": 1,
        "sub_module_id": 8,
        "privilege_id": 2,
        "is_active": "True"
      }
    },

     {
      "pk": "99",
      "model": "userapp.RolePrivilege",
      "fields": {
        "tenant": 1,
        "utility": 1,
        "role_id": 6,
        "module_id": 1,
        "sub_module_id": 1,
        "privilege_id": 2,
        "is_active": "True"
      }
    },
    {
      "pk": "100",
      "model": "userapp.RolePrivilege",
      "fields": {
        "tenant": 1,
        "utility": 1,
        "role_id": 6,
        "module_id": 1,
        "sub_module_id": 2,
        "privilege_id": 2,
        "is_active": "True"
      }
    },
    {
      "pk": "101",
      "model": "userapp.RolePrivilege",
      "fields": {
        "tenant": 1,
        "utility": 1,
        "role_id": 6,
        "module_id": 1,
        "sub_module_id": 3,
        "privilege_id": 2,
        "is_active": "True"
      }
    },
    {
      "pk": "102",
      "model": "userapp.RolePrivilege",
      "fields": {
        "tenant": 1,
        "utility": 1,
        "role_id": 6,
        "module_id": 2,
        "sub_module_id": 4,
        "privilege_id": 2,
        "is_active": "True"
      }
    },
    {
      "pk": "103",
      "model": "userapp.RolePrivilege",
      "fields": {
        "tenant": 1,
        "utility": 1,
        "role_id": 6,
        "module_id": 2,
        "sub_module_id": 5,
        "privilege_id": 2,
        "is_active": "True"
      }
    },
    {
      "pk": "104",
      "model": "userapp.RolePrivilege",
      "fields": {
        "tenant": 1,
        "utility": 1,
        "role_id": 6,
        "module_id": 2,
        "sub_module_id": 6,
        "privilege_id": 2,
        "is_active": "True"
      }
    },
    {
      "pk": "105",
      "model": "userapp.RolePrivilege",
      "fields": {
        "tenant": 1,
        "utility": 1,
        "role_id": 6,
        "module_id": 2,
        "sub_module_id": 7,
        "privilege_id": 2,
        "is_active": "True"
      }
    },
    {
      "pk": "106",
      "model": "userapp.RolePrivilege",
      "fields": {
        "tenant": 1,
        "utility": 1,
        "role_id": 6,
        "module_id": 2,
        "sub_module_id": 8,
        "privilege_id": 2,
        "is_active": "True"
      }
    },
    {
      "pk": "107",
      "model": "userapp.RolePrivilege",
      "fields": {
        "tenant": 1,
        "utility": 1,
        "role_id": 6,
        "module_id": 2,
        "sub_module_id": 9,
        "privilege_id": 2,
        "is_active": "True"
      }
    },
    {
      "pk": "108",
      "model": "userapp.RolePrivilege",
      "fields": {
        "tenant": 1,
        "utility": 1,
        "role_id": 6,
        "module_id": 3,
        "sub_module_id": 10,
        "privilege_id": 2,
        "is_active": "True"
      }
    },
    {
      "pk": "109",
      "model": "userapp.RolePrivilege",
      "fields": {
        "tenant": 1,
        "utility": 1,
        "role_id": 6,
        "module_id": 3,
        "sub_module_id": 11,
        "privilege_id": 2,
        "is_active": "True"
      }
    },
    {
      "pk": "110",
      "model": "userapp.RolePrivilege",
      "fields": {
        "tenant": 1,
        "utility": 1,
        "role_id": 6,
        "module_id": 3,
        "sub_module_id": 12,
        "privilege_id": 2,
        "is_active": "True"
      }
    },
    {
      "pk": "111",
      "model": "userapp.RolePrivilege",
      "fields": {
        "tenant": 1,
        "utility": 1,
        "role_id": 6,
        "module_id": 3,
        "sub_module_id": 13,
        "privilege_id": 2,
        "is_active": "True"
      }
    },
    {
      "pk": "112",
      "model": "userapp.RolePrivilege",
      "fields": {
        "tenant": 1,
        "utility": 1,
        "role_id": 6,
        "module_id": 4,
        "sub_module_id": 14,
        "privilege_id": 2,
        "is_active": "True"
      }
    },
    {
      "pk": "113",
      "model": "userapp.RolePrivilege",
      "fields": {
        "tenant": 1,
        "utility": 1,
        "role_id": 6,
        "module_id": 4,
        "sub_module_id": 15,
        "privilege_id": 2,
        "is_active": "True"
      }
    },
    {
      "pk": "114",
      "model": "userapp.RolePrivilege",
      "fields": {
        "tenant": 1,
        "utility": 1,
        "role_id": 6,
        "module_id": 5,
        "sub_module_id": 16,
        "privilege_id": 2,
        "is_active": "True"
      }
    },
    {
      "pk": "115",
      "model": "userapp.RolePrivilege",
      "fields": {
        "tenant": 1,
        "utility": 1,
        "role_id": 6,
        "module_id": 5,
        "sub_module_id": 17,
        "privilege_id": 2,
        "is_active": "True"
      }
    },
    {
      "pk": "116",
      "model": "userapp.RolePrivilege",
      "fields": {
        "tenant": 1,
        "utility": 1,
        "role_id": 6,
        "module_id": 5,
        "sub_module_id": 18,
        "privilege_id": 2,
        "is_active": "True"
      }
    },
    {
      "pk": "117",
      "model": "userapp.RolePrivilege",
      "fields": {
        "tenant": 1,
        "utility": 1,
        "role_id": 6,
        "module_id": 5,
        "sub_module_id": 19,
        "privilege_id": 2,
        "is_active": "True"
      }
    },
    {
      "pk": "118",
      "model": "userapp.RolePrivilege",
      "fields": {
        "tenant": 1,
        "utility": 1,
        "role_id": 6,
        "module_id": 6,
        "sub_module_id": 20,
        "privilege_id": 2,
        "is_active": "True"
      }
    },
    {
      "pk": "119",
      "model": "userapp.RolePrivilege",
      "fields": {
        "tenant": 1,
        "utility": 1,
        "role_id": 6,
        "module_id": 6,
        "sub_module_id": 21,
        "privilege_id": 2,
        "is_active": "True"
      }
    },
    {
      "pk": "120",
      "model": "userapp.RolePrivilege",
      "fields": {
        "tenant": 1,
        "utility": 1,
        "role_id": 6,
        "module_id": 6,
        "sub_module_id": 22,
        "privilege_id": 2,
        "is_active": "True"
      }
    },
    {
      "pk": "121",
      "model": "userapp.RolePrivilege",
      "fields": {
        "tenant": 1,
        "utility": 1,
        "role_id": 6,
        "module_id": 6,
        "sub_module_id": 23,
        "privilege_id": 2,
        "is_active": "True"
      }
    },
    {
      "pk": "122",
      "model": "userapp.RolePrivilege",
      "fields": {
        "tenant": 1,
        "utility": 1,
        "role_id": 6,
        "module_id": 6,
        "sub_module_id": 24,
        "privilege_id": 2,
        "is_active": "True"
      }
    },
    {
      "pk": "123",
      "model": "userapp.RolePrivilege",
      "fields": {
        "tenant": 1,
        "utility": 1,
        "role_id": 6,
        "module_id": 6,
        "sub_module_id": 25,
        "privilege_id": 2,
        "is_active": "True"
      }
    },
    {
      "pk": "124",
      "model": "userapp.RolePrivilege",
      "fields": {
        "tenant": 1,
        "utility": 1,
        "role_id": 6,
        "module_id": 6,
        "sub_module_id": 26,
        "privilege_id": 2,
        "is_active": "True"
      }
    },
    {
      "pk": "125",
      "model": "userapp.RolePrivilege",
      "fields": {
        "tenant": 1,
        "utility": 1,
        "role_id": 6,
        "module_id": 6,
        "sub_module_id": 27,
        "privilege_id": 2,
        "is_active": "True"
      }
    },
    {
      "pk": "126",
      "model": "userapp.RolePrivilege",
      "fields": {
        "tenant": 1,
        "utility": 1,
        "role_id": 6,
        "module_id": 6,
        "sub_module_id": 28,
        "privilege_id": 2,
        "is_active": "True"
      }
    },
    {
      "pk": "127",
      "model": "userapp.RolePrivilege",
      "fields": {
        "tenant": 1,
        "utility": 1,
        "role_id": 6,
        "module_id": 7,
        "sub_module_id": 29,
        "privilege_id": 2,
        "is_active": "True"
      }
    },
    {
      "pk": "128",
      "model": "userapp.RolePrivilege",
      "fields": {
        "tenant": 1,
        "utility": 1,
        "role_id": 6,
        "module_id": 7,
        "sub_module_id": 30,
        "privilege_id": 2,
        "is_active": "True"
      }
    },
    {
      "pk": "129",
      "model": "userapp.RolePrivilege",
      "fields": {
        "tenant": 1,
        "utility": 1,
        "role_id": 6,
        "module_id": 7,
        "sub_module_id": 31,
        "privilege_id": 2,
        "is_active": "True"
      }
    },
    {
      "pk": "130",
      "model": "userapp.RolePrivilege",
      "fields": {
        "tenant": 1,
        "utility": 1,
        "role_id": 6,
        "module_id": 8,
        "sub_module_id": 32,
        "privilege_id": 2,
        "is_active": "True"
      }
    },
    {
      "pk": "131",
      "model": "userapp.RolePrivilege",
      "fields": {
        "tenant": 1,
        "utility": 1,
        "role_id": 6,
        "module_id": 8,
        "sub_module_id": 33,
        "privilege_id": 2,
        "is_active": "True"
      }
    },
    {
      "pk": "132",
      "model": "userapp.RolePrivilege",
      "fields": {
        "tenant": 1,
        "utility": 1,
        "role_id": 6,
        "module_id": 9,
        "sub_module_id": 1,
        "privilege_id": 2,
        "is_active": "True"
      }
    },
    {
      "pk": "133",
      "model": "userapp.RolePrivilege",
      "fields": {
        "tenant": 1,
        "utility": 1,
        "role_id": 6,
        "module_id": 10,
        "sub_module_id": 34,
        "privilege_id": 2,
        "is_active": "True"
      }
    },
    {
      "pk": "133",
      "model": "userapp.RolePrivilege",
      "fields": {
        "tenant": 1,
        "utility": 1,
        "role_id": 2,
        "module_id": 8,
        "sub_module_id": 31,
        "privilege_id": 2,
        "is_active": "True"
      }
    },
  {
      "pk": "134",
      "model": "userapp.RolePrivilege",
      "fields": {
        "tenant": 1,
        "utility": 1,
        "role_id": 2,
        "module_id": 8,
        "sub_module_id": 32,
        "privilege_id": 2,
        "is_active": "True"
      }
    },
  {
      "pk": "135",
      "model": "userapp.RolePrivilege",
      "fields": {
        "tenant": 1,
        "utility": 1,
        "role_id": 2,
        "module_id": 8,
        "sub_module_id": 33,
        "privilege_id": 2,
        "is_active": "True"
      }
    },
    {
      "pk": "1",
      "model": "master.MasterUser",
      "fields": {
        "tenant": 1,
        "email": "testing@bynry.com",
        "password": "pbkdf2_sha256$180000$uzNpPbxCk89A$RVkZS3CagGqM2rjACQprmRJE/Ok769BaaC0rWKdcFWw=",
        "is_staff": "True",
        "is_active": "True",
        "is_superuser": "True"
      }
    },
   {
      "pk": "1",
      "model": "master.User",
      "fields": {
        "tenant": 1,
        "email": "testing@bynry.com",
        "password": "pbkdf2_sha256$180000$uzNpPbxCk89A$RVkZS3CagGqM2rjACQprmRJE/Ok769BaaC0rWKdcFWw=",
        "is_staff": "True",
        "is_active": "True",
        "status_id":1,
        "is_superuser": "True"
      }
    },
    {
      "pk": "2",
      "model": "master.MasterUser",
      "fields": {
        "tenant": 1,
        "email": "mngl@bynry.com",
        "password": "pbkdf2_sha256$180000$uzNpPbxCk89A$RVkZS3CagGqM2rjACQprmRJE/Ok769BaaC0rWKdcFWw=",
        "is_staff": "True",
        "is_active": "True",
        "is_superuser": "True"
      }
    },
    {
      "pk": "2",
      "model": "master.User",
      "fields": {
        "tenant": 1,
        "user_type_id":1,
        "user_subtype_id":1,
        "email": "mngl@bynry.com",
        "password": "pbkdf2_sha256$180000$uzNpPbxCk89A$RVkZS3CagGqM2rjACQprmRJE/Ok769BaaC0rWKdcFWw=",
        "is_staff": "True",
        "is_active": "True",
        "status_id":1,
        "is_superuser": "True"
      }
    },
    {
      "pk": "3",
      "model": "master.MasterUser",
      "fields": {
        "tenant": 2,
        "email": "bgcl@bynry.com",
        "password": "pbkdf2_sha256$180000$uzNpPbxCk89A$RVkZS3CagGqM2rjACQprmRJE/Ok769BaaC0rWKdcFWw=",
        "is_staff": "True",
        "is_active": "True",
        "is_superuser": "True"
      }
    },
    {
      "pk": "3",
      "model": "master.User",
      "fields": {
        "tenant": 2,
        "user_type_id":1,
        "user_subtype_id":1,
        "email": "bgcl@bynry.com",
        "password": "pbkdf2_sha256$180000$uzNpPbxCk89A$RVkZS3CagGqM2rjACQprmRJE/Ok769BaaC0rWKdcFWw=",
        "is_staff": "True",
        "is_active": "True",
        "status_id":1,
        "is_superuser": "True"
      }
    },
    {
      "pk": "1",
      "model": "userapp.UserRole",
      "fields": {
        "tenant": 1,
        "utility": 1,
        "user_id": 1,
        "role_id": 6,
        "is_active": "True"
      }
    },
    {
      "pk": "2",
      "model": "userapp.UserRole",
      "fields": {
        "tenant": 1,
        "user_id": 2,
        "role_id": 2,
        "is_active": "True"
      }
    },
    {
      "pk": "3",
      "model": "userapp.UserRole",
      "fields": {
        "tenant": 1,
        "user_id": 3,
        "role_id": 2,
        "is_active": "True"
      }
    },
    {
      "pk": "1",
      "model": "userapp.UserUtility",
      "fields": {
        "tenant": 1,
        "utility": 1,
        "user_id": 1,
        "is_active": "True"
      }
    },
    {
      "pk": "1",
      "model": "utility.UtilityModule",
      "fields": {
        "tenant": 1,
        "utility": 1,
        "label":"CX",
        "module_id": 1,
        "is_active": "True"
      }
    },
    {
      "pk": "2",
      "model": "utility.UtilityModule",
      "fields": {
        "tenant": 1,
        "utility": 1,
        "label":"MX",
        "module_id": 2,
        "is_active": "True"
      }
    },
    {
      "pk": "3",
      "model": "utility.UtilityModule",
      "fields": {
        "tenant": 1,
        "utility": 1,
        "label":"BX",
        "module_id": 3,
        "is_active": "True"
      }
    },
{
      "pk": "4",
      "model": "utility.UtilityModule",
      "fields": {
        "tenant": 1,
        "utility": 1,
        "label":"WX",
        "module_id": 4,
        "is_active": "True"
      }
    },
{
      "pk": "5",
      "model": "utility.UtilityModule",
      "fields": {
        "tenant": 1,
        "utility": 1,
        "label":"AX",
        "module_id": 5,
        "is_active": "True"
      }
    },
{
      "pk": "6",
      "model": "utility.UtilityModule",
      "fields": {
        "tenant": 1,
        "utility": 1,
        "label":"SX",
        "module_id": 6,
        "is_active": "True"
      }
    },
{
      "pk": "7",
      "model": "utility.UtilityModule",
      "fields": {
        "tenant": 1,
        "utility": 1,
        "label":"User",
        "module_id": 7,
        "is_active": "True"
      }
    },
{
      "pk": "8",
      "model": "utility.UtilityModule",
      "fields": {
        "tenant": 1,
        "utility": 1,
        "label":"Admin",
        "module_id": 8,
        "is_active": "True"
      }
    },
{
      "pk": "9",
      "model": "utility.UtilityModule",
      "fields": {
        "tenant": 1,
        "utility": 1,
        "label":"Report",
        "module_id": 9,
        "is_active": "True"
      }
    },
{
      "pk": "10",
      "model": "utility.UtilityModule",
      "fields": {
        "tenant": 1,
        "utility": 1,
        "label":"DemoM",
        "module_id": 10,
        "is_active": "True"
      }
    },

    {
      "pk": "1",
      "model": "utility.UtilitySubModule",
      "fields": {
        "tenant": 1,
        "utility": 1,
        "label":"Dashboard",
        "module_id": 1,
        "submodule_id": 1,
        "is_active": "True"
      }
    },
    {
      "pk": "2",
      "model": "utility.UtilitySubModule",
      "fields": {
        "tenant": 1,
        "utility": 1,
        "label":"Care",
        "module_id": 1,
        "submodule_id": 2,
        "is_active": "True"
      }
    },
    {
      "pk": "3",
      "model": "utility.UtilitySubModule",
      "fields": {
        "tenant": 1,
        "utility": 1,
        "label":"Consumer Service",
        "module_id": 1,
        "submodule_id": 3,
        "is_active": "True"
      }
    },
    {
      "pk": "4",
      "model": "utility.UtilitySubModule",
      "fields": {
        "tenant": 1,
        "utility": 1,
        "label":"Dashboard",
        "module_id": 2,
        "submodule_id": 4,
        "is_active": "True"
      }
    },
    {
      "pk": "5",
      "model": "utility.UtilitySubModule",
      "fields": {
        "tenant": 1,
        "utility": 1,
        "label":"Schedule",
        "module_id": 2,
        "submodule_id": 5,
        "is_active": "True"
      }
    },
    {
      "pk": "6",
      "model": "utility.UtilitySubModule",
      "fields": {
        "tenant": 1,
        "utility": 1,
        "label":"Dispatch",
        "module_id": 2,
        "submodule_id": 6,
        "is_active": "True"
      }
    },
    {
      "pk": "7",
      "model": "utility.UtilitySubModule",
      "fields": {
        "tenant": 1,
        "utility": 1,
        "label":"Validation",
        "module_id": 2,
        "submodule_id": 7,
        "is_active": "True"
      }
    },
    {
      "pk": "8",
      "model": "utility.UtilitySubModule",
      "fields": {
        "tenant": 1,
        "utility": 1,
        "label":"Upload",
        "module_id": 2,
        "submodule_id": 8,
        "is_active": "True"
      }
    },
    {
      "pk": "9",
      "model": "utility.UtilitySubModule",
      "fields": {
        "tenant": 1,
        "utility": 1,
        "label":"Smart Meter",
        "module_id": 2,
        "submodule_id": 9,
        "is_active": "True"
      }
    },
    {
      "pk": "10",
      "model": "utility.UtilitySubModule",
      "fields": {
        "tenant": 1,
        "utility": 1,
        "label":"Dashboard",
        "module_id": 3,
        "submodule_id": 10,
        "is_active": "True"
      }
    },
    {
      "pk": "11",
      "model": "utility.UtilitySubModule",
      "fields": {
        "tenant": 1,
        "utility": 1,
        "label":"Schedule",
        "module_id": 3,
        "submodule_id": 11,
        "is_active": "True"
      }
    },
    {
      "pk": "12",
      "model": "utility.UtilitySubModule",
      "fields": {
        "tenant": 1,
        "utility": 1,
        "label":"Billing",
        "module_id": 3,
        "submodule_id": 12,
        "is_active": "True"
      }
    },
    {
      "pk": "13",
      "model": "utility.UtilitySubModule",
      "fields": {
        "tenant": 1,
        "utility": 1,
        "label":"Payment",
        "module_id": 3,
        "submodule_id": 13,
        "is_active": "True"
      }
    },
    {
      "pk": "14",
      "model": "utility.UtilitySubModule",
      "fields": {
        "tenant": 1,
        "utility": 1,
        "label":"Dashboard",
        "module_id": 4,
        "submodule_id": 14,
        "is_active": "True"
      }
    },
    {
      "pk": "15",
      "model": "utility.UtilitySubModule",
      "fields": {
        "tenant": 1,
        "utility": 1,
        "label":"Dispatcher",
        "module_id": 4,
        "submodule_id": 15,
        "is_active": "True"
      }
    },
    {
      "pk": "16",
      "model": "utility.UtilitySubModule",
      "fields": {
        "tenant": 1,
        "utility": 1,
        "label":"Dashboard",
        "module_id": 5,
        "submodule_id": 16,
        "is_active": "True"
      }
    },
    {
      "pk": "17",
      "model": "utility.UtilitySubModule",
      "fields": {
        "tenant": 1,
        "utility": 1,
        "label":"Asset",
        "module_id": 5,
        "submodule_id": 17,
        "is_active": "True"
      }
    },
    {
      "pk": "18",
      "model": "utility.UtilitySubModule",
      "fields": {
        "tenant": 1,
        "utility": 1,
        "label":"Contract",
        "module_id": 5,
        "submodule_id": 18,
        "is_active": "True"
      }
    },
    {
      "pk": "19",
      "model": "utility.UtilitySubModule",
      "fields": {
        "tenant": 1,
        "utility": 1,
        "label":"Supplier",
        "module_id": 5,
        "submodule_id": 19,
        "is_active": "True"
      }
    },
    {
      "pk": "20",
      "model": "utility.UtilitySubModule",
      "fields": {
        "tenant": 1,
        "utility": 1,
        "label":"Dashboard",
        "module_id": 6,
        "submodule_id": 20,
        "is_active": "True"
      }
    },

    {
      "pk": "21",
      "model": "utility.UtilitySubModule",
      "fields": {
        "tenant": 1,
        "utility": 1,
        "label":"Request",
        "module_id": 6,
        "submodule_id": 21,
        "is_active": "True"
      }
    },
    {
      "pk": "22",
      "model": "utility.UtilitySubModule",
      "fields": {
        "tenant": 1,
        "utility": 1,
        "label":"Store",
        "module_id": 6,
        "submodule_id": 22,
        "is_active": "True"
      }
    },
    {
      "pk": "23",
      "model": "utility.UtilitySubModule",
      "fields": {
        "tenant": 1,
        "utility": 1,
        "label":"Tender",
        "module_id": 6,
        "submodule_id": 23,
        "is_active": "True"
      }
    },
    {
      "pk": "24",
      "model": "utility.UtilitySubModule",
      "fields": {
        "tenant": 1,
        "utility": 1,
        "label":"Product",
        "module_id": 6,
        "submodule_id": 24,
        "is_active": "True"
      }
    },
    {
      "pk": "25",
      "model": "utility.UtilitySubModule",
      "fields": {
        "tenant": 1,
        "utility": 1,
        "label":"Vendor Service",
        "module_id": 6,
        "submodule_id": 25,
        "is_active": "True"
      }
    },
    {
      "pk": "26",
      "model": "utility.UtilitySubModule",
      "fields": {
        "tenant": 1,
        "utility": 1,
        "label":"Order",
        "module_id": 6,
        "submodule_id": 26,
        "is_active": "True"
      }
    },
{
      "pk": "27",
      "model": "utility.UtilitySubModule",
      "fields": {
        "tenant": 1,
        "utility": 1,
        "label":"Contract",
        "module_id": 6,
        "submodule_id": 27,
        "is_active": "True"
      }
    },
{
      "pk": "28",
      "model": "utility.UtilitySubModule",
      "fields": {
        "tenant": 1,
        "utility": 1,
        "label":"Supplier",
        "module_id": 6,
        "submodule_id": 28,
        "is_active": "True"
      }
    },
    {
      "pk": "29",
      "model": "utility.UtilitySubModule",
      "fields": {
        "tenant": 1,
        "utility": 1,
        "label":"Dashboard",
        "module_id": 7,
        "submodule_id": 29,
        "is_active": "True"
      }
    },
    {
      "pk": "30",
      "model": "utility.UtilitySubModule",
      "fields": {
        "tenant": 1,
        "utility": 1,
        "label":"Role",
        "module_id": 7,
        "submodule_id": 30,
        "is_active": "True"
      }
    },  
    {
      "pk": "31",
      "model": "utility.UtilitySubModule",
      "fields": {
        "tenant": 1,
        "utility": 1,
        "label":"User",
        "module_id": 7,
        "submodule_id": 31,
        "is_active": "True"
      }
    }, 

    {
      "pk": "32",
      "model": "utility.UtilitySubModule",
      "fields": {
        "tenant": 1,
        "utility": 1,
        "label":"Utility Master",
        "module_id": 8,
        "submodule_id": 32,
        "is_active": "True"
      }
    },
    {
      "pk": "33",
      "model": "utility.UtilitySubModule",
      "fields": {
        "tenant": 1,
        "utility": 1,
        "label":"System Configuration",
        "module_id": 8,
        "submodule_id": 33,
        "is_active": "True"
      }
    },
    {
      "pk": "34",
      "model": "utility.UtilitySubModule",
      "fields": {
        "tenant": 1,
        "utility": 1,
        "label":"DemoSM",
        "module_id": 10,
        "submodule_id": 34,
        "is_active": "True"
      }
    },
    {
      "pk": "1",
      "model": "tenant.TenantModule",
      "fields": {
        "tenant": 1,
        "module_id": 1,
        "is_active": "True"
      }
    },
    {
      "pk": "2",
      "model": "tenant.TenantModule",
      "fields": {
        "tenant": 1,
        "module_id": 2,
        "is_active": "True"
      }
    },
{
      "pk": "3",
      "model": "tenant.TenantModule",
      "fields": {
        "tenant": 1,
        "module_id": 3,
        "is_active": "True"
      }
    },
{
      "pk": "4",
      "model": "tenant.TenantModule",
      "fields": {
        "tenant": 1,
        "module_id": 4,
        "is_active": "True"
      }
    },
{
      "pk": "5",
      "model": "tenant.TenantModule",
      "fields": {
        "tenant": 1,
        "module_id": 5,
        "is_active": "True"
      }
    },
{
      "pk": "6",
      "model": "tenant.TenantModule",
      "fields": {
        "tenant": 1,
        "module_id": 6,
        "is_active": "True"
      }
    },
{
      "pk": "7",
      "model": "tenant.TenantModule",
      "fields": {
        "tenant": 1,
        "module_id": 7,
        "is_active": "True"
      }
    },
{
      "pk": "8",
      "model": "tenant.TenantModule",
      "fields": {
        "tenant": 1,
        "module_id": 8,
        "is_active": "True"
      }
    },
{
      "pk": "9",
      "model": "tenant.TenantModule",
      "fields": {
        "tenant": 1,
        "module_id": 9,
        "is_active": "True"
      }
    },


  {
      "pk": "10",
      "model": "tenant.TenantModule",
      "fields": {
        "tenant": 2,
        "module_id": 1,
        "is_active": "True"
      }
    },
    {
      "pk": "11",
      "model": "tenant.TenantModule",
      "fields": {
        "tenant": 2,
        "module_id": 2,
        "is_active": "True"
      }
    },
    {
      "pk": "12",
      "model": "tenant.TenantModule",
      "fields": {
        "tenant": 2,
        "module_id": 3,
        "is_active": "True"
      }
    },
    {
      "pk": "13",
      "model": "tenant.TenantModule",
      "fields": {
        "tenant": 2,
        "module_id": 4,
        "is_active": "True"
      }
    },
    {
      "pk": "14",
      "model": "tenant.TenantModule",
      "fields": {
        "tenant": 2,
        "module_id": 5,
        "is_active": "True"
      }
    },
    {
      "pk": "15",
      "model": "tenant.TenantModule",
      "fields": {
        "tenant": 2,
        "module_id": 6,
        "is_active": "True"
      }
    },
    {
      "pk": "16",
      "model": "tenant.TenantModule",
      "fields": {
        "tenant": 2,
        "module_id": 7,
        "is_active": "True"
      }
    },
    {
      "pk": "17",
      "model": "tenant.TenantModule",
      "fields": {
        "tenant": 2,
        "module_id": 8,
        "is_active": "True"
      }
    },
    {
      "pk": "18",
      "model": "tenant.TenantModule",
      "fields": {
        "tenant": 2,
        "module_id": 9,
        "is_active": "True"
      }
    },




    {
      "pk": "1",
      "model": "tenant.TenantSubModule",
      "fields": {
        "tenant": 1,
        "module_id": 1,
        "sub_module_id": 1,
        "is_active": "True"
      }
    },
    {
      "pk": "2",
      "model": "tenant.TenantSubModule",
      "fields": {
        "tenant": 1,
        "module_id": 1,
        "sub_module_id": 2,
        "is_active": "True"
      }
    },
{
      "pk": "3",
      "model": "tenant.TenantSubModule",
      "fields": {
        "tenant": 1,
        "module_id": 1,
        "sub_module_id": 3,
        "is_active": "True"
      }
    },
{
      "pk": "4",
      "model": "tenant.TenantSubModule",
      "fields": {
        "tenant": 1,
        "module_id": 2,
        "sub_module_id": 4,
        "is_active": "True"
      }
    },
{
      "pk": "5",
      "model": "tenant.TenantSubModule",
      "fields": {
        "tenant": 1,
        "module_id": 2,
        "sub_module_id": 5,
        "is_active": "True"
      }
    },
{
      "pk": "6",
      "model": "tenant.TenantSubModule",
      "fields": {
        "tenant": 1,
        "module_id": 2,
        "sub_module_id": 6,
        "is_active": "True"
      }
    },
{
      "pk": "7",
      "model": "tenant.TenantSubModule",
      "fields": {
        "tenant": 1,
        "module_id": 2,
        "sub_module_id": 7,
        "is_active": "True"
      }
    },
{
      "pk": "8",
      "model": "tenant.TenantSubModule",
      "fields": {
        "tenant": 1,
        "module_id": 2,
        "sub_module_id": 8,
        "is_active": "True"
      }
    },
{
      "pk": "9",
      "model": "tenant.TenantSubModule",
      "fields": {
        "tenant": 1,
        "module_id": 2,
        "sub_module_id": 9,
        "is_active": "True"
      }
    },
{
      "pk": "10",
      "model": "tenant.TenantSubModule",
      "fields": {
        "tenant": 1,
        "module_id": 3,
        "sub_module_id": 10,
        "is_active": "True"
      }
    },
{
      "pk": "11",
      "model": "tenant.TenantSubModule",
      "fields": {
        "tenant": 1,
        "module_id": 3,
        "sub_module_id": 11,
        "is_active": "True"
      }
    },
{

      "pk": "12",
      "model": "tenant.TenantSubModule",
      "fields": {
        "tenant": 1,
        "module_id": 3,
        "sub_module_id": 12,
        "is_active": "True"
      }
    },
{

      "pk": "13",
      "model": "tenant.TenantSubModule",
      "fields": {
        "tenant": 1,
        "module_id": 3,
        "sub_module_id": 13,
        "is_active": "True"
      }
    },
{
      "pk": "14",
      "model": "tenant.TenantSubModule",
      "fields": {
        "tenant": 1,
        "module_id": 8,
        "sub_module_id": 32,
        "is_active": "True"
      }
    },
{
      "pk": "15",
      "model": "tenant.TenantSubModule",
      "fields": {
        "tenant": 1,
        "module_id": 8,
        "sub_module_id": 33,
        "is_active": "True"
      }
    },
{
      "pk": "16",
      "model": "tenant.TenantSubModule",
      "fields": {
        "tenant": 1,
        "module_id": 3,
        "sub_module_id": 16,
        "is_active": "True"
      }
    },
{
      "pk": "17",
      "model": "tenant.TenantSubModule",
      "fields": {
        "tenant": 1,
        "module_id": 3,
        "sub_module_id": 17,
        "is_active": "True"
      }
    },
{
      "pk": "18",
      "model": "tenant.TenantSubModule",
      "fields": {
        "tenant": 1,
        "module_id": 3,
        "sub_module_id": 18,
        "is_active": "True"
      }
    },
{
      "pk": "19",
      "model": "tenant.TenantSubModule",
      "fields": {
        "tenant": 1,
        "module_id": 3,
        "sub_module_id": 19,
        "is_active": "True"
      }
    },
{
      "pk": "20",
      "model": "tenant.TenantSubModule",
      "fields": {
        "tenant": 1,
        "module_id": 3,
        "sub_module_id": 20,
        "is_active": "True"
      }
    },
{
      "pk": "21",
      "model": "tenant.TenantSubModule",
      "fields": {
        "tenant": 1,
        "module_id": 3,
        "sub_module_id": 21,
        "is_active": "True"
      }
    },
{
      "pk": "22",
      "model": "tenant.TenantSubModule",
      "fields": {
        "tenant": 1,
        "module_id": 3,
        "sub_module_id": 22,
        "is_active": "True"
      }
    },
{
      "pk": "23",
      "model": "tenant.TenantSubModule",
      "fields": {
        "tenant": 1,
        "module_id": 3,
        "sub_module_id": 23,
        "is_active": "True"
      }
    },
  {
      "pk": "24",
      "model": "tenant.TenantSubModule",
      "fields": {
        "tenant": 2,
        "module_id": 1,
        "sub_module_id": 1,
        "is_active": "True"
      }
    },
    {
      "pk": "25",
      "model": "tenant.TenantSubModule",
      "fields": {
        "tenant": 2,
        "module_id": 1,
        "sub_module_id": 2,
        "is_active": "True"
      }
    },
{
      "pk": "26",
      "model": "tenant.TenantSubModule",
      "fields": {
        "tenant": 2,
        "module_id": 1,
        "sub_module_id": 3,
        "is_active": "True"
      }
    },
{
      "pk": "27",
      "model": "tenant.TenantSubModule",
      "fields": {
        "tenant": 2,
        "module_id": 1,
        "sub_module_id": 4,
        "is_active": "True"
      }
    },
{
      "pk": "28",
      "model": "tenant.TenantSubModule",
      "fields": {
        "tenant": 2,
        "module_id": 1,
        "sub_module_id": 5,
        "is_active": "True"
      }
    },
{
      "pk": "29",
      "model": "tenant.TenantSubModule",
      "fields": {
        "tenant": 2,
        "module_id": 1,
        "sub_module_id": 6,
        "is_active": "True"
      }
    },
{
      "pk": "30",
      "model": "tenant.TenantSubModule",
      "fields": {
        "tenant": 2,
        "module_id": 1,
        "sub_module_id": 7,
        "is_active": "True"
      }
    },
{
      "pk": "31",
      "model": "tenant.TenantSubModule",
      "fields": {
        "tenant": 2,
        "module_id": 1,
        "sub_module_id": 8,
        "is_active": "True"
      }
    },
{
      "pk": "32",
      "model": "tenant.TenantSubModule",
      "fields": {
        "tenant": 2,
        "module_id": 2,
        "sub_module_id": 9,
        "is_active": "True"
      }
    },
{
      "pk": "33",
      "model": "tenant.TenantSubModule",
      "fields": {
        "tenant": 2,
        "module_id": 2,
        "sub_module_id": 10,
        "is_active": "True"
      }
    },
{
      "pk": "34",
      "model": "tenant.TenantSubModule",
      "fields": {
        "tenant": 2,
        "module_id": 2,
        "sub_module_id": 11,
        "is_active": "True"
      }
    },
{

      "pk": "35",
      "model": "tenant.TenantSubModule",
      "fields": {
        "tenant": 2,
        "module_id": 2,
        "sub_module_id": 12,
        "is_active": "True"
      }
    },
{

      "pk": "36",
      "model": "tenant.TenantSubModule",
      "fields": {
        "tenant": 2,
        "module_id": 2,
        "sub_module_id": 13,
        "is_active": "True"
      }
    },
{
      "pk": "37",
      "model": "tenant.TenantSubModule",
      "fields": {
        "tenant": 2,
        "module_id": 2,
        "sub_module_id": 14,
        "is_active": "True"
      }
    },
{
      "pk": "38",
      "model": "tenant.TenantSubModule",
      "fields": {
        "tenant": 2,
        "module_id": 3,
        "sub_module_id": 15,
        "is_active": "True"
      }
    },
{
      "pk": "39",
      "model": "tenant.TenantSubModule",
      "fields": {
        "tenant": 2,
        "module_id": 3,
        "sub_module_id": 16,
        "is_active": "True"
      }
    },
{
      "pk": "40",
      "model": "tenant.TenantSubModule",
      "fields": {
        "tenant": 2,
        "module_id": 3,
        "sub_module_id": 17,
        "is_active": "True"
      }
    },
{
      "pk": "41",
      "model": "tenant.TenantSubModule",
      "fields": {
        "tenant": 2,
        "module_id": 3,
        "sub_module_id": 18,
        "is_active": "True"
      }
    },
{
      "pk": "42",
      "model": "tenant.TenantSubModule",
      "fields": {
        "tenant": 2,
        "module_id": 3,
        "sub_module_id": 19,
        "is_active": "True"
      }
    },
{
      "pk": "43",
      "model": "tenant.TenantSubModule",
      "fields": {
        "tenant": 2,
        "module_id": 3,
        "sub_module_id": 20,
        "is_active": "True"
      }
    },
{
      "pk": "44",
      "model": "tenant.TenantSubModule",
      "fields": {
        "tenant": 2,
        "module_id": 3,
        "sub_module_id": 21,
        "is_active": "True"
      }
    },
{
      "pk": "45",
      "model": "tenant.TenantSubModule",
      "fields": {
        "tenant": 2,
        "module_id": 3,
        "sub_module_id": 22,
        "is_active": "True"
      }
    },
{
      "pk": "46",
      "model": "tenant.TenantSubModule",
      "fields": {
        "tenant": 2,
        "module_id": 3,
        "sub_module_id": 23,
        "is_active": "True"
      }
    },

    {
      "pk": "1",
      "model": "commonapp.Product",
      "fields": {
        "name": "GAS",
        "is_active": "True"
      }
    },
    {
      "pk": "2",
      "model": "commonapp.Product",
      "fields": {
        "name": "POWER",
        "is_active": "True"
      }
    },
{
      "pk": "3",
      "model": "commonapp.Product",
      "fields": {
        "name": "Water",
        "is_active": "True"
      }
    },
  {
      "pk": "1",
      "model": "commonapp.Currency",
      "fields": {
        "name": "Rupee",
        "key": "RUPEE",
        "is_active": "True"
      }
    },
  {
      "pk": "2",
      "model": "commonapp.Currency",
      "fields": {
        "name": "Dollar",
        "key": "DOLLAR",
        "is_active": "True"
      }
    },
  {
      "pk": "3",
      "model": "commonapp.Currency",
      "fields": {
        "name": "Yen",
        "key": "YEN",
        "is_active": "True"
      }
    },
    {
      "pk": "1",
      "model": "userapp.UserStatus",
      "fields": {
        "tenant": 1,
        "utility": 1,
        "status":"New",
        "is_active": "True"
      }
    },
    {
      "pk": "2",
      "model": "userapp.UserStatus",
      "fields": {
        "tenant": 1,
        "utility": 1,
        "status":"Active",
        "is_active": "True"
      }
    },
  {
    "pk": "1",
    "model": "tenant.TenantMaster",
    "fields": {
      "short_name": "MNGL",
      "name": "Maharashtra Natural Gas Limited",
      "mobile_no": 7865433289,
      "email_id": "mngl@gmail.com",
      "tenant_city_id": "1",
      "tenant_country_id": "1",
      "tenant_state_id": "1",
      "tenant_currency_id": "1",
      "tenant_region_id": "1",
      "pan_no": "ASDFG5671H",
      "tax_id": 1234,
      "address": "P. NO.19 , LOTUS ENCLAVE Nashik",
      "is_active": "True"
    }
  },
  {
      "pk": "2",
      "model": "tenant.TenantMaster",
      "fields": {
        "name": "BhagyaNagar Gas Limited",
        "short_name": "BGL",
        "mobile_no": 2222222222,
        "email_id": "bgl@gmail.com",
        "tenant_city_id": "1",
        "tenant_country_id": "1",
        "tenant_state_id":"1",
        "tenant_currency_id":"1",
        "tenant_region_id":"1",
        "pan_no":"YHUJI8900H",
        "tax_id":2345,
        "address":"FLAT NO:410, MORNING GLORY, NAGARJUNA DREAM LAND Hydrabad",
        "is_active": "True"
      }
    },
    {
      "pk": "3",
      "model": "tenant.TenantMaster",
      "fields": {
        "name": "Calcutta Electric Supply Corporation",
        "short_name": "CESC",
        "mobile_no": 3333333333,
        "email_id": "cesc@gmail.com",
        "tenant_city_id": "1",
        "tenant_country_id": "1",
        "tenant_state_id":"1",
        "tenant_currency_id":"1",
        "tenant_region_id":"1",
        "pan_no":"YHUJI8988U",
        "tax_id":8907,
        "address":"FLAT NO:410, MORNING GLORY, NAGARJUNA DREAM LAND Calcutta",
        "is_active": "True"
      }
    },
    {
      "pk": "1",
      "model": "tenant.TenantSubscriptionPlan",
      "fields": {
        "subscription_name": "Standard",
        "short_name": "STD",
        "description": "CX,BX,MX",
        "max_storage": "5",
        "status": "0",
        "module_obj":[
          {"module_name": "Registration"},
          {"module_name": "Admin"},
          {"module_name": "Dashboard"},
          {"module_name": "Consumer Care"},
          {"module_name": "Services"},
          {"module_name": "Complaints"},
          {"module_name": "Payments"},
          {"module_name": "Survey"},
          {"module_name": "Reports"}
        ],
        "is_active": "True"
      }
    },
  {
    "pk": "2",
    "model": "tenant.TenantSubscriptionPlan",
    "fields": {
      "subscription_name": "Professional",
      "short_name": "PRO",
      "description": "CX,BX,MX,WX",
      "max_storage": "5",
      "status": "1",
      "module_obj": [
        {"module_name": "Registration"},
          {"module_name": "Admin"},
          {"module_name": "Dashboard"},
          {"module_name": "Consumer Care"},
          {"module_name": "Services"},
          {"module_name": "Complaints"},
          {"module_name": "Payments"},
          {"module_name": "Survey"},
          {"module_name": "Reports"}
      ],
      "is_active": "True"
    }
  },
  {
      "pk": "3",
      "model": "tenant.TenantSubscriptionPlan",
      "fields": {
        "subscription_name": "Business",
        "short_name": "BUS",
        "description": "CX,BX,MX,WX,SX,PX",
        "max_storage": "5",
        "status": "2",
        "module_obj":[
          {"module_name": "Registration"},
          {"module_name": "Admin"},
          {"module_name": "Consumer Ops"},
          {"module_name": "Work Order"}
        ],
        "is_active": "True"
      }
    },
  {
      "pk": "1",
      "model": "tenant.TenantSubscription",
      "fields": {
        "tenant": "1",
        "subscription_plan_id": "1",
        "subscription_rate_id": "1",
        "max_utility": "5",
        "max_consumer": "10000",
        "status": "0",
        "is_active": "True"
      }
  },
  {
      "pk": "2",
      "model": "tenant.TenantSubscription",
      "fields": {
        "tenant": "2",
        "subscription_plan_id": "2",
        "subscription_rate_id": "2",
        "max_utility": "5",
        "max_consumer": "25000",
        "status": "0",
        "is_active": "True"
      }
  },
  {
      "pk": "3",
      "model": "tenant.TenantSubscription",
      "fields": {
        "tenant": "3",
        "subscription_plan_id": "3",
        "subscription_rate_id": "3",
        "max_utility": "5",
        "max_consumer": "50000",
        "status": "0",
        "is_active": "True"
      }
  },
  {
      "pk": "1",
      "model": "tenant.TenantSubscriptionPlanRate",
      "fields": {
        "tenant": "1",
        "subscription_plan_id": "1",
        "subscription_name": "Standard",
        "tenant_subscription_id": "1",
        "base_rate": 5.99,
        "currency_id": "1",
        "region_id": "1",
        "country_id": "1",
        "is_taxable": "True",
        "tax": 5.25,
        "is_active": "True"
      }
  },
  {
      "pk": "2",
      "model": "tenant.TenantSubscriptionPlanRate",
      "fields": {
        "tenant": "2",
        "subscription_plan_id": "2",
        "subscription_name": "Professional",
        "tenant_subscription_id": "2",
        "base_rate": 4.99,
        "currency_id": "1",
        "region_id": "1",
        "country_id": "1",
        "is_taxable": "True",
        "tax": 5.25,
        "is_active": "True"
      }
  },
  {
      "pk": "3",
      "model": "tenant.TenantSubscriptionPlanRate",
      "fields": {
       "tenant": "3",
        "subscription_plan_id": "3",
        "subscription_name": "Business",
        "tenant_subscription_id": "3",
        "base_rate": 3.99,
        "currency_id": "1",
        "region_id": "1",
        "country_id": "1",
        "is_taxable": "True",
        "tax": 5.25,
        "is_active": "True"
      }
  },
  {
     "pk": "1",
     "model": "work_order.MaterialType",
     "fields": {
       "tenant": 1,
       "utility":1 ,
       "name": "Pipe",
		"is_active": "True"
     }
  },
  {
     "pk": "2",
     "model": "work_order.MaterialType",
     "fields": {
       "tenant": 1,
       "utility":1 ,
       "name": "Elbow",
		"is_active": "True"
     }
  },
  {
     "pk": "3",
     "model": "work_order.MaterialType",
     "fields": {
       "tenant": 1,
       "utility":1 ,
       "name": "Socket",
		"is_active": "True"
     }
  },
  {
     "pk": "4",
     "model": "work_order.MaterialType",
     "fields": {
       "tenant": 1,
       "utility":1 ,
       "name": "Valves",
		"is_active": "True"
     }
  },
  {
     "pk": "5",
     "model": "work_order.MaterialType",
     "fields": {
       "tenant": 1,

       "utility":1 ,
       "name": "Regulator",
		"is_active": "True"
     }
  },
  {
     "pk": "1",
     "model": "work_order.MaterialSubType",
     "fields": {
       "tenant": 1,
       "utility": 1,
       "name": "GI pipe",
		"material_type_id":1,
		"is_active": "True"
     }
},
{
     "pk": "2",
     "model": "work_order.MaterialSubType",
     "fields": {
       "tenant": 1,
       "utility": 1,
       "name": "Copper  pipe",
		"material_type_id":1,
		"is_active": "True"
     }
},
{
     "pk": "3",
     "model": "work_order.MaterialSubType",
     "fields": {
       "tenant": 1,
       "utility": 1,
       "name": "MDPE  elbow",
		"material_type_id":1,
		"is_active": "True"
     }
},
{
     "pk": "4",
     "model": "work_order.MaterialSubType",
     "fields": {
       "tenant": 1,
       "utility": 1,
       "name": "GI  pipe",
		"material_type_id":2,
		"is_active": "True"
     }
},
{
     "pk": "5",
     "model": "work_order.MaterialSubType",
     "fields": {
       "tenant": 1,
       "utility": 1,
       "name": "Copper  elbow",
		"material_type_id":2,
		"is_active": "True"
     }
},
{
     "pk": "6",
     "model": "work_order.MaterialSubType",
     "fields": {
       "tenant": 1,
       "utility": 1,
       "name": "GI  Socket",
		"material_type_id":3,
		"is_active": "True"
     }
},
{
     "pk": "7",
     "model": "work_order.MaterialSubType",
     "fields": {
       "tenant": 1,
       "utility": 1,
       "name": "Copper  socket",
		"material_type_id":3,
		"is_active": "True"
     }
},
  {
     "pk": "8",
     "model": "work_order.MaterialSubType",
     "fields": {
       "tenant": 1,
       "utility": 1,
       "name": "Appliance",
		"material_type_id":4,
		"is_active": "True"
     }
},
{
     "pk": "9",
     "model": "work_order.MaterialSubType",
     "fields": {
       "tenant": 1,
       "utility": 1,
       "name": "Isolation ",
		"material_type_id":4,
		"is_active": "True"
     }
},
{
    "pk": "10",
     "model": "work_order.MaterialSubType",
     "fields": {
       "tenant": 1,
       "utility": 1,
       "name": "Appliance",
		"material_type_id":4,
		"is_active": "True"
     }
},
{
     "pk": "11",
     "model": "work_order.MaterialSubType",
     "fields": {
       "tenant": 1,
       "utility": 1,
       "name": "Isolation ",
		"material_type_id":4,
		"is_active": "True"
     }
},
{
     "pk": "12",
     "model": "work_order.MaterialSubType",
     "fields": {
       "tenant": 1,
       "utility": 1,
       "name": "Appliance",
		"material_type_id":4,
		"is_active": "True"
     }
},
{
     "pk": "13",
     "model": "work_order.MaterialSubType",
     "fields": {
       "tenant": 1,
       "utility": 1,
       "name": "Isolation ",
		"material_type_id":4,
		"is_active": "True"
     }
},
  {
     "pk": "1",
     "model": "work_order.MaterialName",
     "fields": {
       "tenant": 1,
       "utility": 1,
       "name": "GI pipe 1/2",
		"material_subtype_id":1,
		"is_active": "True"
     }
},
{
     "pk": "2",
     "model": "work_order.MaterialName",
     "fields": {
       "tenant": 1,
       "utility": 1,
       "name": "GI pipe 3/4",
		"material_subtype_id":1,
		"is_active": "True"
     }
},
{
     "pk": "1",
     "model": "work_order.MaterialName",
     "fields": {
       "tenant": 1,
       "utility": 1,
       "name": "GI pipe 1",
		"material_subtype_id":1,
		"is_active": "True"
     }
},
{
     "pk": "4",
     "model": "work_order.MaterialName",
     "fields": {
       "tenant": 1,
       "utility": 1,
       "name": "GI pipe 2",
		"material_subtype_id":1,
		"is_active": "True"
     }
},
{
     "pk": "5",
     "model": "work_order.MaterialName",
     "fields": {
       "tenant": 1,
       "utility": 1,
       "name": "CU PIPE 12 MM",
		"material_subtype_id":2,
		"is_active": "True"
     }
},
{
     "pk": "6",
     "model": "work_order.MaterialName",
     "fields": {
       "tenant": 1,
       "utility": 1,
       "name": "MDPE PIPE 20MM",
		"material_subtype_id":3,
		"is_active": "True"
     }
},
{
     "pk": "7",
     "model": "work_order.MaterialName",
     "fields": {
       "tenant": 1,
       "utility": 1,
       "name": "GI Elbow 1/2",
		"material_subtype_id":4,
		"is_active": "True"
     }
},
{
     "pk": "8",
     "model": "work_order.MaterialName",
     "fields": {
       "tenant": 1,
       "utility": 1,
       "name": "GI Elbow 3/4",
		"material_subtype_id":4,
		"is_active": "True"
     }
},
{
     "pk": "9",
     "model": "work_order.MaterialName",
     "fields": {
       "tenant": 1,
       "utility": 1,
       "name": "GI Elbow 1",
		"material_subtype_id":4,
		"is_active": "True"
     }
},
{
     "pk": "10",
     "model": "work_order.MaterialName",
     "fields": {
       "tenant": 1,
       "utility": 1,
       "name": "GI Elbow 2",
		"material_subtype_id":4,
		"is_active": "True"
     }
},
{
     "pk": "11",
     "model": "work_order.MaterialName",
     "fields": {
       "tenant": 1,
       "utility": 1,
       "name": "CU Elbow 12 MM",
		"material_subtype_id":5,
		"is_active": "True"
     }
},
{
     "pk": "12",
     "model": "work_order.MaterialName",
     "fields": {
       "tenant": 1,
       "utility": 1,
       "name": "GI Socket 1/2",
		"material_subtype_id":6,
		"is_active": "True"
     }
},
{
     "pk": "13",
     "model": "work_order.MaterialName",
     "fields": {
       "tenant": 1,
       "utility": 1,
       "name": "GI Socket 3/4",
		"material_subtype_id":6,
		"is_active": "True"
     }
},
{
     "pk": "14",
     "model": "work_order.MaterialName",
     "fields": {
       "tenant": 1,
       "utility": 1,
       "name": "GI socket 1",
		"material_subtype_id":6,
		"is_active": "True"
     }
},
{
     "pk": "15",
     "model": "work_order.MaterialName",
     "fields": {
       "tenant": 1,
       "utility": 1,
       "name": "GI socket 2",
		"material_subtype_id":6,
		"is_active": "True"
     }
},
{
     "pk": "16",
     "model": "work_order.MaterialName",
     "fields": {
       "tenant": 1,
       "utility": 1,
       "name": "CU Socket 12 MM",
		"material_subtype_id":7,
		"is_active": "True"
     }
},
{
     "pk": "17",
     "model": "work_order.MaterialName",
     "fields": {
       "tenant": 1,
       "utility": 1,
       "name": "Appliance valves 1/2",
		"material_subtype_id":8,
		"is_active": "True"
     }
},
{
     "pk": "18",
     "model": "work_order.MaterialName",
     "fields": {
       "tenant": 1,
       "utility": 1,
       "name": "Isolation  valves 1/2",
		"material_subtype_id":9,
		"is_active": "True"
     }
},
{
     "pk": "19",
     "model": "work_order.MaterialName",
     "fields": {
       "tenant": 1,
       "utility": 1,
       "name": "Isolation  valves 3/4",
		"material_subtype_id":9,
		"is_active": "True"
     }
},
{
     "pk": "20",
     "model": "work_order.MaterialName",
     "fields": {
       "tenant": 1,
       "utility": 1,
       "name": "Isolation  valves 1",
		"material_subtype_id":9,
		"is_active": "True"
     }
},
{
     "pk": "21",
     "model": "work_order.MaterialName",
     "fields": {
       "tenant": 1,
       "utility": 1,
       "name": "Isolation  valves 2",
		"material_subtype_id":9,
		"is_active": "True"
     }
},
{
     "pk": "22",
     "model": "work_order.MaterialName",
     "fields": {
       "tenant": 1,
       "utility": 1,
       "name": "Meter  Regulator 2.5 SCMH (100 mbar to 22 mbar)",
		"material_subtype_id":10,
		"is_active": "True"
     }
},
{
     "pk": "23",
     "model": "work_order.MaterialName",
     "fields": {
       "tenant": 1,
       "utility": 1,
       "name": "Riser  Regulator 2.5 SCMH (100 mbar to 22 mbar)",
		"material_subtype_id":11,
		"is_active": "True"
     }
},
{
     "pk": "24",
     "model": "work_order.MaterialName",
     "fields": {
       "tenant": 1,
       "utility": 1,
       "name": "Riser  Regulator 6 SCMH (4 bar to 22 mbar)",
		"material_subtype_id":11,
		"is_active": "True"
     }
},
  {
   "pk": "1",
   "model": "work_order.WorkOrderRule",
   "fields": {
    "tenant":"1",
   "utility": "1",
    "rule_id": 1,
    "rule": "Active Resources",
     "is_active": "True"
   }
 },
 {
   "pk": "2",
   "model": "work_order.WorkOrderRule",
   "fields": {
    "tenant":"1",
   "utility": "1",
  "rule_id": 2,
    "rule": "Match Skills",
     "is_active": "True"
   }
 },
{
   "pk": "3",
   "model": "work_order.WorkOrderRule",
   "fields": {
    "tenant":"1",
   "utility": "1",
  "rule_id": 3,
    "rule": "Resource Availability",
     "is_active": "True"
   }
 },
{
   "pk": "4",
   "model": "work_order.WorkOrderRule",
   "fields": {
    "tenant":"1",
   "utility": "1",
   "rule_id": 4,
    "rule": "Due date",
     "is_active": "True"
   }
 },
  {
 "pk": "1",
   "model": "commonapp.Skills",
   "fields": {
    "tenant":"1",
   "utility": "1",
   "skill": "Technical skill",
     "is_active": "True"
   }
 },
{
 "pk": "2",
   "model": "commonapp.Skills",
   "fields": {
    "tenant":"1",
    "utility": "1",
    "skill": "Work on time",
     "is_active": "True"
   }
 },


{
 "pk": "3",
   "model": "commonapp.Skills",
   "fields": {
    "tenant":"1",
    "utility": "1",
    "skill": "Work under pressure",
     "is_active": "True"
   }
 },
  {
 "pk": "1",
   "model": "commonapp.WorkOrderType",
   "fields": {
  "name": "Installation",
  "key":"INSTALLATION",
     "is_active": "True"
   }
 },
{
 "pk": "2",
   "model": "commonapp.WorkOrderType",
   "fields": {
  "name": "Services",
  "key":"SERVICES",
     "is_active": "True"
   }
 },
{
 "pk": "3",
   "model": "commonapp.WorkOrderType",
   "fields": {
  "name": "Complaint",
     "key":"COMPLAINT",
     "is_active": "True"
   }
 },{
 "pk": "4",
   "model": "commonapp.WorkOrderType",
   "fields": {
  "name": "Maintenance",
  "key":"MAINTENANCE",
     "is_active": "True"
   }
 },
{
 "pk": "5",
   "model": "commonapp.WorkOrderType",
   "fields": {
  "name": "Outage",
  "key":"OUTAGE",
     "is_active": "True"
   }
 },
{
 "pk": "6",
   "model": "commonapp.WorkOrderType",
   "fields": {
  "name": "Emergency",
  "key":"EMERGENCY",
     "is_active": "True"
   }
 },
{
 "pk": "7",
   "model": "commonapp.WorkOrderType",
   "fields": {
  "name": "Breakdown",
  "key":"BREAKDOWN",
     "is_active": "True"
   }
 },
  {
 "pk": "1",
   "model": "commonapp.WorkOrderSubType",
   "fields": {
  "name": "Domestic meter",
"work_order_type_id":1,
"key":"Domestic meter",
     "is_active": "True"
   }
 },
{
 "pk": "2",
   "model": "commonapp.WorkOrderSubType",
   "fields": {
  "name": "Domestic Smart Meter",
"work_order_type_id":1,
"key":"Domestic Smart Meter",
     "is_active": "True"
   }
 },

{
 "pk": "3",
   "model": "commonapp.WorkOrderSubType",
   "fields": {
  "name": "Disconnection",
"work_order_type_id":2,
"key":"Disconnection",
     "is_active": "True"
   }
 },
{
 "pk": "4",
   "model": "commonapp.WorkOrderSubType",
   "fields": {
  "name": "Damage Installation",
"work_order_type_id":2,
"key":"Damage Installation",
     "is_active": "True"
   }
 },
{
 "pk": "5",
   "model": "commonapp.WorkOrderSubType",
   "fields": {
  "name": "Meter Burnt",
"work_order_type_id":3,
"key":"Meter Burnt",
     "is_active": "True"
   }
 },
{
 "pk": "6",
   "model": "commonapp.WorkOrderSubType",
   "fields": {
  "name": "Display Out",
"work_order_type_id":3,
"key":"Display Out",
     "is_active": "True"
   }
 },
  {
 "pk": "1",
   "model": "utility.UtilityServiceNumberFormat",
   "fields": {
    "tenant": "1",
    "utility":"1",
    "module_id":"8",
     "sub_module_id": "32",
     "is_prefix": "True",
     "prefix": "COMPANY_",
     "startingno": "1001",
     "currentno": "1001",
     "created_by": "1",
     "is_active": "True"
   }
 }





]